Date,Product1 - Platform1 - Investment,Product1 - Platform1 - Conversions,Product1 - Platform3 - Investment,Product1 - Platform3 - Conversions,Product1 - Platform2 - Investment,Product1 - Platform2 - Conversions,Product6 - Platform1 - Investment,Product6 - Platform1 - Conversions,Product6 - Platform3 - Investment,Product6 - Platform3 - Conversions,Product6 - Platform2 - Investment,Product6 - Platform2 - Conversions,Product5 - Platform1 - Investment,Product5 - Platform1 - Conversions,Product5 - Platform3 - Investment,Product5 - Platform3 - Conversions,Product3 - Platform1 - Investment,Product3 - Platform1 - Conversions,Product3 - Platform3 - Investment,Product3 - Platform3 - Conversions,Product4 - Platform1 - Investment,Product4 - Platform1 - Conversions,Product4 - Platform3 - Investment,Product4 - Platform3 - Conversions,Product2 - Platform1 - Investment,Product2 - Platform1 - Conversions,Product2 - Platform3 - Investment,Product2 - Platform3 - Conversions
2021-01-01,2263.1638000000003,342,1061.8968,143,1646.71065,82,123.2425,1,136.07569999999998,2,0.0,0.0,0.0,0.0,0.0,0,0.0,0.0,0.0,0,29.98415,12,0.0,0,195.93805,12,0.0,0
2021-01-02,2710.92265,508,3157.23585,475,1634.1101,129,133.8915,6,690.6832499999999,57,0.0,0.0,0.0,0.0,0.0,0,0.0,0.0,0.0,0,562.08255,322,518.73155,266,226.79104999999998,322,0.0,2
2021-01-03,2672.8267499999997,429,3675.10385,606,1570.9273999999998,112,139.4712,14,726.4959,37,0.0,0.0,0.0,0.0,4.68945,0,0.0,0.0,4.68945,0,542.7146,394,1406.35495,551,127.04809999999999,394,163.96395,56
2021-01-04,2719.2844,434,3727.67795,631,1514.6191000000001,168,185.66215,17,813.39605,54,0.0,0.0,0.0,0.0,25.12495,13,0.0,0.0,25.12495,13,683.6288499999999,399,1366.57825,549,123.42745000000001,399,425.61615,81
2021-01-05,2218.38895,286,3840.99805,655,1524.73585,153,226.454,17,819.2826,64,0.0,0.0,0.0,0.0,25.187350000000002,15,0.0,0.0,25.187350000000002,15,731.0161999999999,336,1407.48315,489,112.49924999999999,336,441.3858,63
2021-01-06,2282.594,406,3720.3607500000003,620,1525.5467,155,218.0446,20,819.18095,61,0.0,0.0,0.0,0.0,24.58225,2,0.0,0.0,24.58225,2,659.52555,278,1219.4746,418,70.0597,278,433.9623,68
2021-01-07,1898.3992,311,3811.9589,641,1486.5325,141,356.36345,15,819.4735000000001,53,0.0,0.0,0.0,0.0,94.81459999999998,18,0.0,0.0,94.81459999999998,18,815.9825,246,1680.86785,457,69.877,246,439.3481,73
2021-01-08,1680.3229000000001,303,4503.7303,714,1521.08625,136,469.1235,22,824.5704,78,0.0,0.0,0.0,0.0,171.54405,18,0.0,0.0,171.54405,18,860.5114500000001,304,1289.69345,397,83.78385,304,499.15934999999996,71
2021-01-09,1774.7969500000002,295,4705.3982,614,1533.85185,102,363.65495000000004,16,806.5794999999999,87,0.0,0.0,0.0,0.0,167.47905,27,0.0,0.0,167.47905,27,765.72745,251,1161.33715,356,97.06559999999999,251,559.0832,58
2021-01-10,1932.8706,314,4613.0704,640,1470.59445,82,279.0572,13,803.8702499999999,54,0.0,0.0,0.0,0.0,176.30290000000002,18,0.0,0.0,176.30290000000002,18,446.71644999999995,147,1059.4504,293,67.24175,147,604.3648000000001,83
2021-01-11,1974.96715,228,5149.2279,638,1074.18485,41,450.46115,17,821.4866000000001,71,0.0,0.0,0.0,0.0,168.7964,14,0.0,0.0,168.7964,14,612.08515,275,991.2316000000001,343,44.58095,275,620.95555,98
2021-01-12,1899.7374,263,5031.4292,587,1598.2423000000001,23,225.5385,16,773.46175,71,0.0,0.0,0.0,0.0,169.4073,20,0.0,0.0,169.4073,20,579.0160500000001,297,916.43125,336,115.6884,297,587.8434,101
2021-01-13,1395.5407999999998,136,4910.91485,569,536.3854,7,119.4302,20,777.4486,63,0.0,0.0,0.0,0.0,179.90395,20,0.0,0.0,179.90395,20,530.96485,275,993.8207000000001,322,629.4269,275,599.6713,93
2021-01-14,1418.4294,178,4284.83715,572,0.0,0,113.3619,10,779.21795,64,0.0,0.0,0.0,0.0,169.47584999999998,22,0.0,0.0,169.47584999999998,22,857.2155,356,985.4983,323,702.3628,356,607.66745,90
2021-01-15,1181.77135,152,4105.95135,572,0.0,0,173.70845,10,896.9321000000001,85,0.0,0.0,0.0,0.0,181.9407,46,0.0,0.0,181.9407,46,799.45025,338,1120.14315,320,365.47425000000004,338,577.88165,77
2021-01-16,993.0676,162,3884.4958,466,0.0,0,138.0314,18,1019.84585,77,0.0,0.0,0.0,0.0,179.1729,40,0.0,0.0,179.1729,40,655.8241,254,1132.27875,271,560.52405,254,599.2037,77
2021-01-17,865.8485000000001,126,3387.7290000000003,462,0.0,0,160.84815,7,1005.0508500000001,73,0.0,0.0,0.0,0.0,175.11915000000002,29,0.0,0.0,175.11915000000002,29,693.72515,296,1013.9845,231,488.03475,296,575.8655,66
2021-01-18,838.4742,112,3320.72085,551,231.2352,10,284.94035,19,975.635,59,0.0,0.0,0.0,0.0,176.28529999999998,39,0.0,0.0,176.28529999999998,39,880.8969999999999,384,1016.48885,336,543.0137,384,589.95825,71
2021-01-19,514.5201999999999,96,3392.7134499999997,637,307.4757,34,113.0692,11,933.0553500000001,67,0.0,0.0,0.0,0.0,175.92025,37,0.0,0.0,175.92025,37,811.8480000000001,321,1167.3887,323,490.43205,321,589.11955,64
2021-01-20,650.57795,128,3638.199,655,485.21434999999997,43,134.21620000000001,12,922.65075,63,0.0,0.0,0.0,0.0,175.56705000000002,40,0.0,0.0,175.56705000000002,40,930.3989999999999,341,1282.44695,344,206.6555,341,570.31435,73
2021-01-21,548.38595,101,2390.01645,525,972.0552,78,123.63955,17,913.8053500000001,54,0.0,0.0,0.0,0.0,189.56005000000002,45,0.0,0.0,189.56005000000002,45,744.3091499999999,287,1296.0599499999998,337,198.0916,287,561.0183999999999,136
2021-01-22,639.1206999999999,115,1985.56155,486,961.9406,63,88.6773,10,868.5309,53,0.0,0.0,0.0,0.0,254.29455000000002,45,0.0,0.0,254.29455000000002,45,458.58125,169,1134.96685,364,176.84555,169,610.9794999999999,144
2021-01-23,599.4675,95,2143.89965,358,1006.9367,53,55.4897,6,927.08485,49,0.0,0.0,0.0,0.0,277.79630000000003,42,0.0,0.0,277.79630000000003,42,292.71545,120,1077.62205,325,163.3026,120,598.3304,173
2021-01-24,554.88465,101,2309.7351,458,941.71125,45,48.727250000000005,0,902.48745,40,0.0,0.0,0.0,0.0,287.48185,34,0.0,0.0,287.48185,34,333.38815,116,1031.87445,319,165.8996,116,594.25375,167
2021-01-25,745.6148,145,2891.59565,562,963.9527,57,58.0568,7,855.9833500000001,53,0.0,0.0,0.0,0.0,304.49575,51,0.0,0.0,304.49575,51,421.81855,159,1076.1172,412,154.2983,159,578.3708,178
2021-01-26,821.1514500000001,142,2931.75485,585,1451.1106,83,0.0,10,638.06485,61,0.0,0.0,0.0,0.0,218.81235,39,0.0,0.0,218.81235,39,215.26405,127,1019.4484,411,179.6898,127,439.04265,136
2021-01-27,703.54735,137,2868.7332,519,1561.5447,86,0.0,5,645.4755,52,0.0,0.0,0.0,0.0,142.65025,30,0.0,0.0,142.65025,30,198.6836,82,913.9295500000001,398,148.07165,82,355.70085,118
2021-01-28,1087.8864,234,2812.6262,570,1554.1248999999998,78,0.0,5,648.47145,64,0.0,0.0,0.0,0.0,142.4846,27,0.0,0.0,142.4846,27,81.76899999999999,28,790.495,380,153.2981,28,333.31315,101
2021-01-29,1250.8365,239,2927.7625,486,1548.8932,73,0.0,10,646.00815,79,0.0,0.0,0.0,0.0,153.25615,24,0.0,0.0,153.25615,24,68.5926,44,780.3014,295,132.76765,44,337.3306,94
2021-01-30,1142.404,244,3040.1767,438,1668.8884,70,0.0,6,688.7803,71,0.0,0.0,0.0,0.0,167.1502,25,0.0,0.0,167.1502,25,63.43315,27,510.67555,263,114.63775,27,342.1463,97
2021-01-31,1229.4421499999999,253,3132.2717,457,1556.217,76,0.29350000000000004,2,853.55755,73,0.0,0.0,0.0,0.0,211.03189999999998,34,0.0,0.0,211.03189999999998,34,60.41425,33,345.03655,236,97.9215,33,406.695,124
2021-02-01,1329.57215,271,3430.8227,652,1249.882,61,151.48095,15,399.76025000000004,71,0.0,0.0,0.0,0.0,217.56314999999998,37,0.0,0.0,19.31055,3,609.1088500000001,341,168.2452,218,87.6565,12,416.70980000000003,127
2021-02-02,1097.8544,223,3642.4294,625,845.2192,59,142.1291,27,467.73900000000003,43,0.0,0.0,0.0,0.0,213.87634999999997,33,0.0,0.0,7.96565,0,615.21155,352,334.24635,254,76.39345,12,412.08529999999996,98
2021-02-03,1395.4426999999998,268,4355.3325,824,854.8889,52,154.47735,21,556.97615,51,0.0,0.0,0.0,0.0,84.9799,13,0.0,0.0,11.06665,0,626.20025,348,464.44559999999996,308,80.51115,12,417.49010000000004,131
2021-02-04,1582.18555,264,5006.7188,755,818.49055,46,192.11360000000002,37,624.1646,44,0.0,0.0,0.0,0.0,34.5118,10,0.0,0.0,7.72795,0,752.18865,343,439.78324999999995,289,79.298,12,407.75795,97
2021-02-05,1505.1332,219,5428.44645,780,837.1365499999999,43,172.10205000000002,15,887.8462,46,0.0,0.0,0.0,0.0,32.2489,17,0.0,0.0,5.421950000000001,0,653.07515,277,558.93055,297,84.28415000000001,12,399.60580000000004,89
2021-02-06,1406.5341500000002,242,5463.7949499999995,661,915.73935,46,143.50455,17,918.1055499999999,58,0.0,0.0,0.0,0.0,35.2423,17,0.0,0.0,3.87115,1,726.5205000000001,250,573.7813,240,69.00805,7,423.20535,72
2021-02-07,1493.0548499999998,250,5117.38725,599,853.1372,36,101.53110000000001,9,933.0049,29,0.0,0.0,0.0,0.0,34.470549999999996,20,0.0,0.0,4.5948,1,491.6914,212,504.3049,257,57.93925,1,405.56805,49
2021-02-08,1377.76135,240,4990.3294,722,676.48745,32,161.2316,11,944.5125,61,0.0,0.0,0.0,0.0,35.40485,19,0.0,0.0,4.47105,0,627.8925,304,890.5677499999999,399,60.382749999999994,12,412.35724999999996,90
2021-02-09,1547.99875,261,5325.31575,692,566.8487,29,122.10584999999999,18,841.84005,40,0.0,0.0,0.0,0.0,35.32215,17,0.0,0.0,7.3442,0,526.76195,283,803.75055,366,89.6384,6,556.71745,60
2021-02-10,1433.9460000000001,276,4997.3649,613,556.5811,38,81.39699999999999,12,744.8632000000001,42,0.0,0.0,0.0,0.0,33.74485,19,0.0,0.0,10.18495,1,628.2579000000001,329,924.67625,353,90.6314,8,827.4761,62
2021-02-11,1423.39515,222,4862.4177,695,727.9917,35,61.696949999999994,26,671.2411,41,0.0,0.0,0.0,0.0,35.655300000000004,22,0.0,0.0,7.5319,0,920.6614999999999,420,877.7039500000001,355,72.84864999999999,12,837.1834,136
2021-02-12,1513.46375,264,4849.6383000000005,665,792.5103999999999,35,61.330299999999994,28,1081.19355,60,0.0,0.0,0.0,0.0,35.43775,16,0.0,0.0,4.672,0,886.65255,362,742.11735,256,43.33345,6,769.72305,130
2021-02-13,1643.8742000000002,241,4343.4895,574,846.5398,24,41.420950000000005,18,1016.9267500000001,75,0.0,0.0,0.0,0.0,34.96455,20,0.0,0.0,5.54845,0,783.89875,271,670.3486,262,36.9029,7,815.5544500000001,149
2021-02-14,1560.2965,293,3836.86265,552,832.705,29,44.115050000000004,9,1016.42775,72,0.0,0.0,0.0,0.0,34.24845,15,0.0,0.0,4.26055,0,661.9832000000001,251,561.77365,210,38.56855,7,773.44745,130
2021-02-15,1621.8569,314,4199.537249999999,644,825.49045,41,46.00555,7,1037.62195,62,0.0,0.0,0.0,0.0,35.56695,17,0.0,0.0,2.6394,1,713.4428,365,529.88735,252,54.42375,12,780.1188999999999,157
2021-02-16,1493.5274,241,4119.58345,684,853.88115,37,60.653999999999996,19,1044.1805,86,0.0,0.0,0.0,0.0,35.38015,20,0.0,0.0,5.8627,0,721.17845,361,504.56685,234,79.8441,15,810.0522,172
2021-02-17,1861.1591500000002,285,4094.0088,727,784.71665,33,114.1251,11,902.7758500000001,49,0.0,0.0,0.0,0.0,33.2012,15,0.0,0.0,9.05775,1,1052.2815,467,1012.4611,358,142.56515,30,792.5122500000001,161
2021-02-18,1980.5697,255,4507.5323,664,627.28635,27,113.7269,15,941.0792,41,0.0,0.0,0.0,0.0,36.0128,16,0.0,0.0,10.916500000000001,2,1154.6404499999999,427,1286.8244,404,137.0802,19,785.9643,137
2021-02-19,1510.1,235,4338.364799999999,569,644.15095,29,116.3667,11,972.4116,60,0.0,0.0,0.0,0.0,35.682649999999995,17,0.0,0.0,7.0308,1,1091.4588,370,1732.16135,576,101.36465,13,795.7919,123
2021-02-20,1218.84895,184,4684.4412,543,600.70795,28,60.58965,12,961.06985,38,0.0,0.0,0.0,0.0,34.9078,9,0.0,0.0,8.29645,0,810.5574499999999,314,1715.9277,473,75.20765,9,842.8413,157
2021-02-21,1154.99525,230,4994.554749999999,537,618.01645,28,47.57984999999999,4,973.4222,37,0.0,0.0,0.0,0.0,35.4761,9,0.0,0.0,5.379650000000001,0,662.2995,254,1710.1570000000002,492,55.97855,6,781.74045,111
2021-02-22,2003.2844,295,5321.40395,655,620.1494,26,87.7085,8,1140.22255,34,0.0,0.0,0.0,0.0,35.39555,12,0.0,0.0,13.49955,2,774.7089500000001,360,1629.13115,570,107.27465000000001,21,850.88765,143
2021-02-23,1672.6112,256,5578.446,617,630.03085,31,98.5107,14,1428.49415,56,0.0,0.0,0.0,0.0,63.05479999999999,21,0.0,0.0,10.167250000000001,2,671.3613499999999,354,1566.78875,534,119.07945,17,921.31845,151
2021-02-24,884.1844500000001,150,4131.24085,558,641.60935,33,93.2112,13,1383.6954,49,0.0,0.0,0.0,0.0,96.66995000000001,32,0.0,0.0,10.574000000000002,2,399.97405,212,1464.2123000000001,489,112.42315,10,923.446,146
2021-02-25,966.8403,205,4039.40845,555,650.8526,26,78.5155,19,1275.23175,47,0.0,0.0,0.0,0.0,96.46655000000001,30,0.0,0.0,5.39,0,240.69459999999998,108,652.7723000000001,209,116.8825,20,943.2917,173
2021-02-26,1130.8736,188,2129.60945,333,490.2468,42,144.61035,17,831.4159,63,0.0,0.0,0.0,0.0,100.84559999999999,22,0.0,0.0,10.3982,0,79.49735,42,112.0273,43,98.9707,14,946.9094,106
2021-02-27,989.04615,160,712.0934,181,266.8678,24,20.72605,6,570.50995,52,0.0,0.0,0.0,0.0,98.70135,39,0.0,0.0,9.60985,0,0.0,6,0.0,5,73.5672,13,948.4008500000001,126
2021-02-28,1211.9885000000002,176,701.826,189,276.55815,21,0.0,2,571.5010500000001,58,0.0,0.0,0.0,0.0,98.09479999999999,35,0.0,0.0,3.0147000000000004,0,0.0,2,0.0,2,81.98129999999999,15,865.8339500000001,136
2021-03-01,1685.8451,325,2417.487,385,266.01745,26,39.28725,10,115.28049999999999,19,0.0,0.0,0.0,0.0,98.52795,24,0.0,0.0,349.256,165,597.1868499999999,342,587.68,300,41.9409,11,435.33004999999997,120
2021-03-02,1494.1847500000001,246,3587.865,565,515.55525,51,36.6786,11,254.69095000000002,31,0.0,0.0,0.0,0.0,101.93674999999999,37,0.0,0.0,354.03905,259,562.44295,349,985.39555,507,47.44564999999999,9,605.6215,117
2021-03-03,1474.2904500000002,261,3882.3969500000003,590,635.2082,37,49.0647,13,256.95849999999996,25,0.0,0.0,0.0,0.0,136.66755,39,0.0,0.0,182.38075,100,629.4544999999999,374,1047.04135,463,45.8697,10,620.6655999999999,109
2021-03-04,1471.59545,254,4272.9481,578,799.8483,40,32.5246,10,247.4469,17,0.0,0.0,0.0,0.0,140.4757,30,0.0,0.0,154.59685,150,645.7964499999999,298,998.84465,377,45.2891,16,598.832,113
2021-03-05,1249.05365,208,4292.9032,551,853.6499,37,33.270250000000004,17,283.56905,47,0.0,0.0,0.0,0.0,143.4193,30,0.0,0.0,155.78969999999998,66,445.49845,199,928.6650999999999,334,46.158100000000005,9,580.5826999999999,109
2021-03-06,1093.6244,169,4369.88015,462,934.28515,31,20.5019,8,295.8701,35,0.0,0.0,0.0,0.0,151.08875,29,0.0,0.0,153.3312,90,261.89875,126,891.6514500000001,299,41.6913,6,601.4472499999999,69
2021-03-07,1418.4386,234,4096.484,462,887.6233500000001,23,32.615300000000005,7,307.14375,36,0.0,0.0,0.0,0.0,145.4965,24,0.0,0.0,154.6754,103,217.0816,84,818.1302499999999,315,41.296350000000004,3,586.11185,106
2021-03-08,1885.36625,326,4729.785,502,937.1432000000001,36,58.32395,11,303.58535,49,3.53505,0.0,0.0,0.0,103.79440000000001,23,0.0,0.0,156.90955,172,449.5188,238,890.94525,363,50.241949999999996,9,575.0228,107
2021-03-09,1554.73625,254,5228.3769,559,917.36655,43,51.1136,9,172.35035,42,148.6472,8.0,0.0,0.0,95.43565000000001,15,0.0,0.0,169.40540000000001,161,619.23965,310,1019.30765,383,46.387950000000004,5,596.70835,111
2021-03-10,1459.8836,230,5567.557,648,930.8887,60,47.819750000000006,12,110.9532,25,150.07585,17.0,0.0,0.0,99.5881,13,0.0,0.0,170.91819999999998,199,479.7447,270,1006.40795,479,56.17515,9,605.6329000000001,117
2021-03-11,1513.4101,259,5503.7138,718,922.0125,66,50.425399999999996,10,110.56385,20,144.10575,17.0,0.0,0.0,95.39515,10,0.0,0.0,163.6073,188,664.41455,324,1055.4223,483,53.762299999999996,10,628.4888500000001,140
2021-03-12,1396.2756,238,5281.8911,566,903.44435,60,54.4278,12,150.8154,25,126.81745000000001,19.0,0.0,0.0,97.523,14,0.0,0.0,160.36825000000002,82,653.8305499999999,278,1013.6527000000001,436,52.7852,11,614.4774,101
2021-03-13,1135.24115,176,5416.811949999999,577,969.52135,62,32.6727,3,188.60424999999998,41,126.9746,14.0,0.0,0.0,103.16159999999999,14,0.0,0.0,98.3069,63,598.67645,176,1035.3213,325,43.0991,12,609.2258,98
2021-03-14,1629.8843,302,5174.20065,533,885.77435,36,31.165300000000002,8,198.92175,27,136.57735,18.0,0.0,0.0,100.5371,21,0.0,0.0,0.0,0,614.17505,207,960.7927000000001,375,39.3592,3,582.54795,81
2021-03-15,2073.57495,343,5252.5654,632,929.9516,70,30.14275,21,202.3843,30,136.61270000000002,31.0,0.0,0.0,111.8537,20,0.0,0.0,194.51930000000002,43,724.4164,282,1020.88915,790,47.756,6,589.3638500000001,123
2021-03-16,1983.77845,299,5578.31685,844,906.8455499999999,64,18.32895,12,38.08895,11,23.5273,10.0,0.0,0.0,130.16935,28,0.0,0.0,135.2313,102,548.2824,260,1175.96185,631,26.4221,8,603.89255,131
2021-03-17,1511.43465,234,4461.043549999999,715,860.3908,79,29.788850000000004,15,19.24755,24,23.372049999999998,6.0,0.0,0.0,132.99565,43,0.0,0.0,96.00025,94,503.4518,235,1260.69435,383,79.14645,8,614.4998,124
2021-03-18,1249.38625,182,4171.7727,643,866.5613000000001,65,20.006600000000002,6,18.90885,8,22.78255,6.0,0.0,0.0,134.3809,20,0.0,0.0,100.9086,112,551.36585,246,1183.1729,357,36.74595,3,624.0840000000001,115
2021-03-19,1158.9708500000002,176,4038.25815,568,884.9578,57,17.9095,5,22.69015,12,22.3888,7.0,0.0,0.0,132.9276,29,0.0,0.0,100.35355,112,494.50669999999997,196,1107.47825,300,6.15285,0,583.8792500000001,84
2021-03-20,977.2249,146,4169.5353000000005,592,954.7592,45,15.780650000000001,8,26.417800000000003,9,24.2023,7.0,0.0,0.0,139.80885,24,0.0,0.0,98.17424999999999,97,401.25494999999995,201,1087.6372000000001,316,0.0,0,606.73305,95
2021-03-21,777.4144,124,4118.16275,564,885.8702499999999,36,24.89635,4,24.687150000000003,8,23.35765,8.0,0.0,0.0,132.82389999999998,17,0.0,0.0,97.9477,107,412.83905,160,1049.27345,330,0.0,1,586.36475,106
2021-03-22,1134.8605499999999,202,4105.8788,584,909.23675,56,20.9756,3,16.44835,15,22.3648,7.0,0.0,0.0,137.7369,32,0.0,0.0,101.18645000000001,140,549.597,238,1450.816,531,0.0,2,581.73435,107
2021-03-23,1480.81095,281,4259.20105,546,929.6597999999999,68,20.530749999999998,4,16.541900000000002,3,23.6102,3.0,0.0,0.0,137.735,24,0.0,0.0,100.33665,135,636.8047,297,1667.06635,566,0.0,0,604.5139,108
2021-03-24,1946.37525,321,4225.8309,594,914.97075,49,20.24105,4,16.39825,6,23.52965,7.0,0.0,0.0,131.63395,23,0.0,0.0,100.9938,154,509.76300000000003,226,1616.04105,559,0.0,1,613.93545,138
2021-03-25,2089.68035,344,4304.482849999999,605,908.2959500000001,57,21.84665,4,16.5044,6,23.43635,9.0,0.0,0.0,134.41719999999998,37,0.0,0.0,97.91765,168,670.85225,298,1645.2926,543,12.43405,0,592.7085,124
2021-03-26,2070.17245,327,4300.3871500000005,543,917.0053,58,20.72815,7,15.989049999999999,15,23.17405,7.0,0.0,0.0,135.58775,27,0.0,0.0,100.805,121,502.7499,223,1588.5981,482,18.46605,3,593.6799,110
2021-03-27,1758.931,297,4392.46695,490,1002.9612,45,17.831,2,16.0932,10,22.9273,6.0,0.0,0.0,142.06459999999998,29,0.0,0.0,100.81275,77,406.91630000000004,178,1697.82565,423,10.96215,1,617.2272,103
2021-03-28,1710.00895,342,4370.4062,509,898.2716499999999,39,19.7625,2,16.78305,7,23.44675,2.0,0.0,0.0,130.1058,24,0.0,0.0,96.63245,73,366.62325,166,1601.8547,360,18.62695,3,583.20465,78
2021-03-29,2001.783,341,3497.6679,525,901.75915,59,20.819899999999997,4,16.4361,24,23.25725,8.0,0.0,0.0,133.07125,32,0.0,0.0,97.90145000000001,140,554.10415,284,1393.9119500000002,415,15.944,4,588.21655,101
2021-03-30,1718.1986,304,3631.7185,507,905.4346,56,19.5945,2,26.13055,8,23.16235,3.0,0.0,0.0,139.86855,27,0.0,0.0,131.05365,156,528.4017,244,1485.2435999999998,456,16.00055,2,628.2593499999999,95
2021-03-31,1829.2059,301,4038.40285,587,916.4088499999999,66,30.4499,4,59.824,13,22.4245,2.0,0.0,0.0,132.4536,34,0.0,0.0,131.40200000000002,167,502.8578999999999,239,1453.72895,333,13.525599999999999,2,737.70725,120
2021-04-01,1381.7045,212,4074.97395,439,847.66375,42,41.9925,3,108.79065,22,0.1973,1.0,0.0,0.0,135.40335,29,0.0,0.0,130.82264999999998,29,459.12005000000005,180,1456.0694,386,13.09135,4,675.23485,171
2021-04-02,951.6074000000001,181,4134.1389500000005,388,740.4269,39,40.56245,1,109.60745000000001,12,0.0,0.0,0.0,0.0,136.47325,26,0.0,0.0,128.58350000000002,135,263.58369999999996,120,1483.12355,394,8.7576,0,683.0358500000001,124
2021-04-03,994.6653,195,4271.91845,387,803.3617999999999,41,31.039099999999998,3,115.8319,15,0.0,0.0,0.0,0.0,144.57905,30,0.0,0.0,129.64425,113,325.69025,110,1537.48145,356,4.86705,1,707.85655,124
2021-04-04,929.5103,177,4103.3656,400,775.57605,37,35.563649999999996,3,112.0397,20,0.0,0.0,0.0,0.0,140.91415,18,0.0,0.0,122.67845,114,279.88035,100,1466.3219,357,5.8663,1,681.1283,113
2021-04-05,1669.6787,266,4232.7036499999995,500,812.49345,71,61.070550000000004,7,111.98344999999999,17,0.0,0.0,0.0,0.0,126.72274999999999,38,0.0,0.0,126.97579999999999,192,435.21695,228,1491.0629999999999,546,6.5657000000000005,1,689.2878999999999,124
2021-04-06,1616.4554999999998,301,4338.1277,482,781.63045,55,44.2191,9,62.4863,22,0.0,0.0,0.0,0.0,143.49325000000002,44,0.0,0.0,126.28105,188,505.69480000000004,239,1468.5076500000002,468,89.38915000000001,11,679.96875,131
2021-04-07,1586.0131,315,4101.7669,516,802.51205,68,42.63375,7,81.32925,25,89.24549999999999,12.0,0.0,0.0,133.79925,39,0.0,0.0,125.4894,171,468.7037,210,1294.72565,429,79.8704,10,683.1705499999999,122
2021-04-08,1844.2611499999998,338,4097.93055,417,812.1572,53,84.50045,15,118.87450000000001,19,149.1924,9.0,0.0,0.0,129.33675,23,0.0,0.0,120.34434999999999,168,724.33185,253,1210.8258,451,86.34504999999999,12,704.0108,155
2021-04-09,1547.9325,319,4095.8763,440,784.61675,57,79.83705,10,172.12485,31,150.96735,14.0,0.0,0.0,136.70745,18,0.0,0.0,146.00105,165,668.6169500000001,260,1191.22475,466,93.55175,8,714.68695,143
2021-04-10,1402.69755,180,4293.4668,401,844.26575,44,90.05850000000001,6,181.38535,25,142.9671,22.0,0.0,0.0,141.0264,26,0.0,0.0,163.62015,196,451.26095000000004,196,1250.6464999999998,418,57.7237,5,697.9997,118
2021-04-11,1343.8114,200,4149.00595,401,775.41905,49,126.6482,6,182.99994999999998,25,151.31455,22.0,0.0,0.0,133.60105,23,0.0,0.0,174.5623,174,362.2418,130,1233.24785,415,55.4279,7,680.76475,84
2021-04-12,1640.4904999999999,263,4142.3138,448,799.865,58,132.83155,6,183.40720000000002,27,139.08765,20.0,0.0,0.0,132.251,34,0.0,0.0,172.84009999999998,180,614.7481,256,1237.62835,466,34.237249999999996,3,680.9942,122
2021-04-13,1204.62235,197,4096.73435,419,786.8063000000001,46,56.22715,8,124.9324,27,149.9554,18.0,0.0,0.0,135.96695,35,0.0,0.0,173.02560000000003,179,618.0004,254,1247.0104,489,36.65585,6,682.9180499999999,100
2021-04-14,1150.7391499999999,202,4161.1079,441,909.9303500000001,55,23.3846,5,137.67455,18,150.25639999999999,17.0,0.0,0.0,98.64065000000001,14,0.0,0.0,178.42265,195,723.3144,280,1265.11085,498,37.9648,8,709.8539,114
2021-04-15,1334.6364999999998,205,3965.2448999999997,504,882.74365,51,16.1006,1,135.8889,19,147.1774,15.0,0.0,0.0,153.27555,52,0.0,0.0,176.8322,209,1052.4206,387,1323.0609,469,36.8983,8,692.1591999999999,96
2021-04-16,1397.89,211,4161.71495,475,880.7069,55,30.4238,6,137.3081,23,148.8291,22.0,0.0,0.0,148.83685,62,0.0,0.0,175.30345,168,1398.8606,398,1341.7110500000001,423,36.73635,5,671.0583,106
2021-04-17,1048.81325,181,4431.1088500000005,452,958.46565,46,20.2074,3,134.6076,28,146.98355,17.0,0.0,0.0,149.42795,48,0.0,0.0,174.0137,135,1191.602,327,1462.1440499999999,465,33.54245,2,701.29065,114
2021-04-18,1146.57825,185,4348.93675,487,895.13155,42,24.702600000000004,6,140.5084,23,150.9534,20.0,0.0,0.0,133.7548,49,0.0,0.0,171.91575,173,1218.5295999999998,297,1400.25195,433,34.93595,5,687.07375,92
2021-04-19,1693.7483,264,4374.0975,542,878.8915,61,26.7371,5,139.8208,45,151.66145,21.0,0.0,0.0,134.05395000000001,60,0.0,0.0,176.1735,172,889.91035,315,1404.1347500000002,544,37.4928,8,674.4180499999999,110
2021-04-20,2333.9323999999997,322,4415.47435,720,930.76115,55,25.671,6,142.65290000000002,18,158.5703,10.0,0.0,0.0,138.1156,51,0.0,0.0,176.72220000000002,206,937.05305,296,1279.43745,530,36.5026,5,690.1257499999999,93
2021-04-21,2405.8557,320,4206.10695,723,886.4594000000001,51,21.4263,6,133.95845,27,147.15465,15.0,0.0,0.0,130.89715,61,0.0,0.0,175.61520000000002,172,832.4101,275,1037.3043,493,36.82535,4,726.8269,116
2021-04-22,2091.5044,88,4442.25425,672,910.7681,48,23.2513,4,134.8356,17,148.2066,19.0,0.0,0.0,139.54264999999998,48,0.0,0.0,187.5417,186,817.9578,156,1070.1773,377,35.4019,1,797.97985,118
2021-04-23,1844.3935000000001,194,4368.46335,752,905.98905,37,23.621,6,140.89770000000001,26,158.0127,13.0,0.0,0.0,133.97975,41,0.0,0.0,183.86055,152,759.1229500000002,121,1055.0511,412,35.400999999999996,3,794.20235,106
2021-04-24,1309.3264,204,4494.1323999999995,703,991.1062,29,17.45725,5,140.6491,26,155.607,16.0,0.0,0.0,141.6561,51,0.0,0.0,188.50625,175,689.0969,184,1100.5036,369,32.736799999999995,3,804.8233,105
2021-04-25,1083.56485,170,4289.040349999999,621,881.6505000000001,30,22.686500000000002,4,136.19955,29,149.5409,20.0,0.0,0.0,115.76334999999999,28,0.0,0.0,185.7385,141,652.3153,148,1014.5603500000001,370,35.6646,5,770.9286500000001,100
2021-04-26,1516.8276999999998,231,4285.15875,693,910.1991499999999,14,23.990850000000002,8,141.7574,21,156.57325,29.0,0.0,0.0,108.49520000000001,51,0.0,0.0,186.05225,158,833.696,271,1062.5034,465,23.471999999999998,5,789.08685,125
2021-04-27,1642.8135,223,4398.41255,640,883.6233,0,22.8463,3,141.4227,32,156.6637,23.0,0.0,0.0,141.94285,50,0.0,0.0,183.13235,188,875.9063000000001,269,1071.9804,441,42.9616,5,796.1736,107
2021-04-28,1327.48825,205,4308.479600000001,609,880.5676,32,22.39665,6,140.80945,35,46.3117,4.0,0.0,0.0,136.41389999999998,48,0.0,0.0,185.864,144,838.8326999999999,255,1048.25955,390,33.99,5,792.82525,109
2021-04-29,1342.9589999999998,202,4382.40005,589,773.95295,30,21.2202,3,139.42835,29,0.0,3.0,0.0,0.0,138.879,31,0.0,0.0,181.2023,124,990.8456,323,1076.0899,509,30.96505,3,793.9889,110
2021-04-30,1314.16785,13,4402.411599999999,604,838.98435,31,15.371400000000001,4,136.2512,37,0.0,2.0,0.0,0.0,134.99030000000002,27,0.0,0.0,176.13715,109,958.2683499999999,22,772.75535,382,12.907,3,823.3731,127
2021-05-01,1072.85025,12,4506.47045,558,840.9614,26,21.3682,6,66.42705,19,0.0,0.0,0.0,0.0,75.29205,42,5.3214,1.0,76.0527,58,770.8492499999999,217,910.8303500000001,391,0.0,0,837.6158,124
2021-05-02,1042.9648,8,4363.4496500000005,654,779.6663000000001,27,22.00545,5,66.19605,17,0.0,0.0,0.0,0.0,74.9697,38,5.34805,0.0,74.8955,63,716.7339499999999,215,884.2686,407,0.0,0,818.8571000000001,94
2021-05-03,510.40925000000004,46,4415.241,758,773.0618499999999,42,23.92395,10,66.41720000000001,23,0.0,0.0,0.0,0.0,75.915,41,4.9136,3.0,73.72104999999999,109,593.09705,294,1208.1735,492,53.560249999999996,1,786.3910000000001,148
2021-05-04,430.23945,84,4282.9803999999995,731,706.92075,36,23.43795,10,65.66275,22,0.0,0.0,0.0,0.0,78.07095,45,5.2647,0.0,73.2579,116,128.39860000000002,125,1148.69905,520,36.6139,4,777.2314,106
2021-05-05,275.83095000000003,62,4179.86265,670,679.85905,43,24.721950000000003,5,64.95435,21,0.0,0.0,0.0,0.0,97.11285,48,4.3837,3.0,91.71170000000001,112,70.3682,83,1185.81825,479,22.00395,4,788.9097,98
2021-05-06,395.61769999999996,60,3996.1963,658,837.51605,24,24.2205,6,65.55185,26,0.0,0.0,0.0,0.0,97.9157,52,5.518350000000001,1.0,123.0406,123,131.37635,91,1167.90225,429,28.22915,4,703.0835000000001,83
2021-05-07,2304.3860999999997,125,3919.67665,589,936.7421,35,21.535050000000002,6,64.6871,26,0.0,0.0,0.0,0.0,99.46340000000001,43,5.25125,2.0,125.0907,128,936.29485,179,1166.3794500000001,356,30.61315,2,661.8038499999999,49
2021-05-08,962.6871000000001,180,4108.68685,674,1029.5344,35,20.70095,8,64.57735,11,0.0,0.0,0.0,0.0,105.16284999999999,42,2.8878500000000003,0.0,127.7437,103,1258.6425,249,1204.09085,337,26.1287,9,684.31955,51
2021-05-09,1621.8701500000002,248,4066.8041,767,978.232,21,24.4967,8,66.44045,20,0.0,0.0,0.0,0.0,41.42445,10,7.0207500000000005,2.0,60.5668,84,1293.49245,167,1154.2259,348,20.39985,2,666.82925,49
2021-05-10,2241.86475,187,4222.344050000001,860,961.03035,131,96.45375,20,258.70635,60,0.0,0.0,0.0,0.0,111.07555,110,6.1135,1.0,124.91114999999999,106,1345.60465,235,1024.3764999999999,595,28.175349999999998,3,386.64419999999996,20
2021-05-11,1902.1770499999998,204,4540.44145,951,958.7475,260,58.09775,23,222.2314,48,0.0,0.0,0.0,0.0,106.0363,93,6.550750000000001,2.0,110.1082,128,1259.20605,307,841.06455,536,17.47365,5,0.0,4
2021-05-12,1432.2898,182,4355.1748,897,1028.9786,199,70.6259,24,450.866,100,0.0,0.0,0.0,0.0,108.4342,74,5.678,1.0,110.9428,123,1369.87085,309,892.26235,444,31.2373,3,0.0,2
2021-05-13,1206.46425,150,4444.9122,751,844.1261999999999,25,47.632749999999994,14,594.20805,51,0.0,0.0,0.0,0.0,109.882,48,5.36145,2.0,108.27629999999999,116,884.8863500000001,200,1027.1753999999999,418,32.1429,3,0.0,2
2021-05-14,1555.7304000000001,192,4355.7715,758,852.052,81,53.52125,4,182.36425,18,0.0,0.0,0.0,0.0,110.21905000000001,40,4.9253,0.0,110.22415000000001,103,1237.69535,256,1043.0436,324,19.90475,2,0.0,0
2021-05-15,1311.1098000000002,165,4541.8066499999995,765,924.3252,142,48.076,2,22.893,10,0.0,0.0,0.0,0.0,112.92845,33,4.2892,0.0,112.57985000000001,104,843.42195,184,1088.4221,237,10.3321,1,0.0,1
2021-05-16,1322.6933999999999,182,4356.65225,767,870.4271000000001,123,47.14885,6,25.117649999999998,15,0.0,0.0,0.0,0.0,97.32175,35,4.80435,2.0,100.69760000000001,107,754.39385,174,1034.5545,266,13.9209,0,0.0,1
2021-05-17,1584.7735500000001,233,3889.1687,768,188.7918,3,17.0811,7,34.66625,7,0.0,0.0,0.0,0.0,101.30975000000001,46,5.186699999999999,0.0,100.3636,156,1122.4173,314,1094.5230999999999,401,18.114349999999998,3,105.93135000000001,2
2021-05-18,3140.6484499999997,624,3837.53545,782,467.61010000000005,20,0.0,1,0.0,9,0.0,0.0,0.0,0.0,99.32995000000001,60,5.36515,3.0,109.34049999999999,129,998.9219,267,1075.0047,418,17.6484,1,98.6539,5
2021-05-19,2308.8115,716,3821.34765,719,351.5944,19,0.0,4,0.0,0,0.0,0.0,0.0,0.0,100.41024999999999,48,4.899,1.0,134.82235,131,1017.0483,314,1094.8163,426,16.11165,3,47.324600000000004,0
2021-05-20,2215.032,717,4481.5192,870,213.9079,6,0.0,3,0.0,2,0.0,0.0,0.0,0.0,99.24535,49,5.1006,0.0,175.4197,182,1159.5339,355,1153.0166,362,44.67359999999999,5,47.705600000000004,0
2021-05-21,1795.7060000000001,643,4344.3088,847,218.4607,15,0.0,1,0.0,2,0.0,0.0,0.0,0.0,98.54245,43,4.55765,0.0,179.2369,161,1142.66295,396,1180.14165,387,40.565,3,47.521350000000005,1
2021-05-22,1387.74975,509,4489.02165,867,239.71959999999999,11,0.0,3,0.0,3,0.0,0.0,0.0,0.0,103.84049999999999,47,4.20235,1.0,184.86175,177,892.75905,418,1265.3243,459,39.3972,4,51.15395,0
2021-05-23,1501.63935,470,3991.6115999999997,928,91.37055000000001,5,0.0,0,0.0,11,0.0,0.0,0.0,0.0,97.5723,38,4.4766,0.0,174.525,130,987.0681,375,1139.1435000000001,475,40.58395,5,0.0,1
2021-05-24,1416.86115,498,4096.5260499999995,897,0.0,0,0.0,2,0.0,23,0.0,0.0,0.0,0.0,99.42285,39,4.67365,1.0,181.53900000000002,151,1060.2948999999999,418,1128.6136999999999,449,40.9289,8,0.0,1
2021-05-25,1923.7663,468,4188.5689,878,0.0,0,0.0,4,0.0,17,0.0,0.0,0.0,0.0,100.682,37,4.8652,2.0,177.8674,147,1069.34755,434,1128.3885,389,40.4922,9,0.0,1
2021-05-26,1673.8385500000002,619,3656.7093,764,13.480599999999999,0,0.0,4,0.0,17,0.0,0.0,0.0,0.0,97.7993,47,4.63805,3.0,181.5602,258,1271.6356,579,1130.8149,488,45.3079,6,396.50435,63
2021-05-27,1322.7407999999998,519,4328.04445,878,0.0,0,0.0,3,0.0,18,0.0,0.0,0.0,0.0,102.19055,41,3.88075,0.0,182.66240000000002,218,1354.5037,625,1522.6124,483,40.0374,8,835.9467999999999,85
2021-05-28,1725.8771,464,4052.96195,873,288.90925,19,0.0,4,0.0,17,0.0,0.0,0.0,0.0,98.16275,31,4.24425,0.0,181.3894,183,1320.8615,549,1451.0167000000001,430,37.7254,8,855.62365,116
2021-05-29,1488.5078,422,4079.3322,781,420.35,27,0.0,2,0.0,27,0.0,0.0,0.0,0.0,104.17025,52,4.2305,1.0,180.4566,175,903.8859,271,1493.35845,394,37.856700000000004,7,847.8697,91
2021-05-30,1585.0410000000002,364,4054.7868,779,437.92485,29,0.0,3,0.0,25,0.0,0.0,0.0,0.0,98.80485,26,4.3651,1.0,174.18740000000003,146,669.73955,165,1154.6932000000002,347,40.12105,5,817.5768499999999,76
2021-05-31,1774.2873499999998,448,4417.929,795,437.76160000000004,29,0.0,3,0.0,24,0.0,0.0,0.0,0.0,99.14685,29,3.6048500000000003,0.0,181.22005000000001,212,1477.8137,451,1009.58145,383,33.62115,15,799.41845,67
2021-06-01,1872.94965,456,4447.8811,593,484.8429,20,26.565,1,146.45055,32,0.0,0.0,0.0,0.0,101.2615,46,5.52785,3.0,182.19549999999998,199,1107.59475,500,1083.68415,426,55.834849999999996,9,440.5082,53
2021-06-02,2019.98685,419,4399.61405,579,737.1966,42,43.99925,3,223.43490000000003,54,0.0,0.0,0.0,0.0,97.87305,38,5.99845,1.0,176.6389,181,1009.79065,464,1038.748,388,59.0459,6,440.40004999999996,46
2021-06-03,1974.4873499999999,487,4495.69985,619,754.65765,44,61.717349999999996,6,277.44285,48,0.0,0.0,0.0,0.0,100.46075,36,6.2170000000000005,0.0,182.08005,156,1139.78105,438,1010.25905,348,49.233450000000005,8,461.6365,27
2021-06-04,1813.23655,458,4473.6731,670,754.90685,49,36.0347,6,286.44759999999997,34,0.0,0.0,0.0,0.0,98.4911,35,5.3178,0.0,180.50150000000002,148,1079.0239,427,990.3656,316,47.52055,5,443.7895,30
2021-06-05,1551.6482500000002,373,4561.0094500000005,684,821.09185,41,40.98075,4,284.39689999999996,42,0.0,0.0,0.0,0.0,103.44004999999999,36,2.7718000000000003,1.0,182.31615000000002,139,833.6763000000001,311,1026.8243,324,40.1973,7,468.65535000000006,16
2021-06-06,2092.38465,318,4370.88695,617,747.22125,39,44.8479,1,279.0738,37,0.0,0.0,0.0,0.0,97.3544,38,5.898300000000001,2.0,178.01615,92,1014.3794,331,944.9024000000001,316,46.302600000000005,6,431.8085,31
2021-06-07,2150.07365,396,4398.9637,777,739.48755,42,46.876599999999996,8,301.74795,31,0.0,0.0,0.0,0.0,101.72104999999999,38,5.8938,3.0,176.14605,207,1094.83215,323,1050.7171,348,45.92515,10,451.16245000000004,25
2021-06-08,2001.3137,468,4225.08815,791,768.1488499999999,50,46.967349999999996,11,464.19175,73,0.0,0.0,0.0,0.0,101.5684,47,5.06825,1.0,182.17695,159,979.53045,382,1048.57045,320,42.68235,5,354.81989999999996,25
2021-06-09,1939.49705,465,4387.50895,806,735.685,47,44.90285,8,466.5145,44,0.0,0.0,0.0,0.0,115.48295,43,5.44235,4.0,179.7081,134,906.18445,422,915.2041,320,47.882200000000005,6,463.42510000000004,28
2021-06-10,1953.4569000000001,497,3840.78515,758,749.3739999999999,42,42.727700000000006,9,428.728,44,0.0,0.0,0.0,0.0,124.8834,44,5.23995,2.0,174.09369999999998,145,247.1205,39,947.38975,371,39.14505,5,392.11675,29
2021-06-11,1848.56245,458,4015.86735,682,705.5069,30,37.039899999999996,5,419.10089999999997,51,0.0,0.0,0.0,0.0,141.74535,40,5.2067,2.0,181.31515,145,1110.45255,334,1000.1038000000001,302,34.3213,7,443.37355,11
2021-06-12,1628.7251,305,4143.07845,696,513.16585,23,61.925200000000004,7,416.70805,37,0.0,0.0,0.0,0.0,164.57465,36,2.2508500000000002,0.0,188.5439,145,872.1974500000001,408,1120.44745,345,34.642849999999996,4,891.0,52
2021-06-13,1646.0058999999999,265,3906.5524,693,503.15684999999996,24,51.88655,3,420.12660000000005,28,0.0,0.0,0.0,0.0,166.1598,57,7.1,0.0,179.87779999999998,114,851.5667000000001,313,1069.72195,320,33.794200000000004,5,953.8516999999999,59
2021-06-14,2143.6085000000003,336,3889.8712,779,667.0563999999999,44,72.34935,8,437.76535,45,0.0,0.0,0.0,0.0,176.437,36,5.8795,1.0,179.6147,154,952.6260000000001,514,1159.0865,406,35.93305,9,662.5251,45
2021-06-15,2001.0961499999999,444,4075.4214,772,809.6035499999999,37,66.22579999999999,5,501.86575,42,0.0,0.0,0.0,0.0,171.6709,40,5.834700000000001,2.0,174.39815,150,656.6079,290,1172.1114,388,58.455200000000005,7,850.96665,60
2021-06-16,1964.61875,410,4089.43375,729,816.1171499999999,37,72.30630000000001,9,509.0758,36,0.0,0.0,0.0,0.0,113.87095,41,4.3501,2.0,180.55349999999999,146,562.3869,174,1323.2871499999999,397,53.552150000000005,8,949.38555,48
2021-06-17,1821.56265,424,4050.1943,671,827.09565,41,74.01735,7,653.20205,40,0.0,0.0,0.0,0.0,77.95855,28,5.41285,0.0,174.35035,145,637.0112,196,1294.59615,353,55.758950000000006,4,721.4072,32
2021-06-18,1653.0158999999999,422,3944.2986499999997,560,664.1149,30,113.75225,4,727.0848,18,0.0,0.0,0.0,0.0,66.88185,17,5.53575,1.0,186.093,136,515.89845,170,1322.39995,274,46.762100000000004,14,965.421,45
2021-06-19,1441.7269000000001,286,4091.9162,550,655.50485,28,62.959700000000005,1,807.1990499999999,15,0.0,0.0,0.0,0.0,57.380050000000004,10,2.34995,1.0,185.1085,110,653.753,164,1375.9519,304,45.66745,6,999.7572,39
2021-06-20,1778.4482,263,3890.7785,459,663.9454,30,117.64035,4,789.9699,10,0.0,0.0,0.0,0.0,42.295,16,6.0463,1.0,175.2514,101,535.2320500000001,120,1300.2935499999999,251,51.28385,6,957.68955,40
2021-06-21,2133.7238,348,4132.1660999999995,663,682.18015,32,90.19435,3,874.0075,12,0.0,0.0,0.0,0.0,40.81555,21,5.2314,1.0,182.96849999999998,171,941.82605,220,1440.5404999999998,384,50.0933,4,970.4353500000001,46
2021-06-22,2125.5066500000003,379,4190.54485,716,755.3517999999999,52,111.21815000000001,2,893.0972999999999,16,0.0,0.0,0.0,0.0,67.5625,30,5.9275,1.0,182.63049999999998,190,1289.39125,284,1616.7509,488,55.54485,5,966.7573,48
2021-06-23,1705.1967499999998,443,4008.54995,586,830.2033,37,50.21535,3,706.8252,21,0.0,0.0,0.0,0.0,93.3192,27,4.9286,1.0,180.22889999999998,152,1221.8725,339,1998.93225,705,50.7292,5,939.37585,46
2021-06-24,2009.9845,388,4055.5598999999997,596,811.39205,41,22.537950000000002,4,288.30134999999996,6,0.0,0.0,0.0,0.0,132.3715,50,5.39115,1.0,180.19189999999998,114,1180.68325,312,1920.85495,648,57.306450000000005,7,840.68285,33
2021-06-25,1636.8208,382,3932.6641999999997,458,809.63545,43,26.288,3,296.97995,18,0.0,0.0,0.0,0.0,142.44405,45,4.2307,0.0,171.74255000000002,94,1150.61895,279,1738.79775,417,44.41775,8,1089.4301,49
2021-06-26,1651.42365,353,4162.13495,496,598.18785,29,26.2815,4,155.63305,11,0.0,0.0,0.0,0.0,148.4007,38,4.9594,0.0,186.98625,91,816.37405,224,1605.5262,367,23.436500000000002,6,1151.5430000000001,55
2021-06-27,1895.45615,312,3389.9471999999996,365,598.92155,27,23.74915,4,339.9896,15,0.0,0.0,0.0,0.0,153.3545,37,5.408049999999999,1.0,183.37595000000002,106,769.268,217,1565.84205,446,29.394899999999996,5,1081.05375,47
2021-06-28,1837.8670000000002,268,3460.1247999999996,429,892.4727,37,27.0522,5,377.69065,19,0.0,0.0,0.0,0.0,146.52,46,4.4220999999999995,0.0,172.01535,158,1286.14435,342,1728.4279999999999,475,55.9824,8,1057.66665,67
2021-06-29,1687.3461499999999,415,3364.88915,452,1072.42595,19,25.34465,2,258.8396,21,0.0,0.0,0.0,0.0,144.9609,51,3.9614499999999997,1.0,182.08275,122,1076.4038,180,1760.0536,378,56.5417,7,1084.5347,54
2021-06-30,861.40205,288,3422.1188500000003,455,1065.97095,3,22.08205,3,279.4117,28,0.0,0.0,0.0,0.0,144.7858,45,4.6525,2.0,183.1438,170,913.845,261,1689.39605,376,61.000550000000004,11,1018.17855,48
2021-07-01,2026.80095,351,4058.9318,530,893.1094,20,26.33275,2,7.8639,7,0.0,0.0,5.863200000000001,4.0,153.8913,57,10.14745,1.0,180.301,196,906.19415,238,1773.6903,440,59.11335,10,589.77025,34
2021-07-02,1857.4873,427,4077.6767999999997,618,793.14205,28,26.915599999999998,4,26.8783,5,0.0,0.0,3.8802,2.0,150.49515,47,8.38325,3.0,170.79985,151,613.3127,184,1681.6510999999998,367,45.205600000000004,3,828.5575,21
2021-07-03,1876.1482999999998,315,3964.4569,471,875.0332000000001,36,21.621950000000002,5,70.70065,8,0.0,0.0,5.324249999999999,0.0,152.3489,52,7.703200000000001,0.0,188.28130000000002,147,536.46375,125,1743.658,281,39.50035,4,893.0732499999999,22
2021-07-04,1924.73905,309,3879.3028000000004,539,845.78205,27,26.7285,5,73.0056,9,0.0,0.0,4.94065,0.0,149.19334999999998,58,10.13335,0.0,182.5237,115,438.2889,122,1733.0873000000001,318,24.8419,4,830.5869500000001,33
2021-07-05,2066.775,338,5050.1720000000005,1046,731.2247500000001,49,23.476599999999998,2,76.1568,6,0.0,0.0,5.6563,2.0,152.72854999999998,59,4.8351,1.0,182.74265,178,746.85655,205,1895.0020000000002,442,40.582950000000004,5,820.5019500000001,20
2021-07-06,1976.5869,350,4391.24555,1549,714.1842999999999,49,32.54045,7,160.03875,8,0.0,0.0,5.239299999999999,1.0,148.60415,69,12.82365,1.0,174.55655,259,875.3577,250,1492.8942000000002,405,29.8369,4,863.834,19
2021-07-07,1423.8323,481,3526.28,1339,720.7982499999999,57,160.7208,7,983.8914500000001,47,0.0,0.0,5.06975,2.0,198.2326,61,12.7348,1.0,181.61215,208,741.4336500000001,217,1083.5850500000001,322,31.8257,3,843.1163,38
2021-07-08,1866.2665,424,3465.5552500000003,1068,707.3212,51,55.0941,2,859.0071,37,0.0,0.0,5.1892499999999995,2.0,161.99965,57,10.17995,0.0,180.68925,230,756.1641500000001,210,1243.93035,287,35.42145,3,859.43505,30
2021-07-09,1672.4021,393,3549.76115,945,715.8716499999999,33,54.8714,8,856.832,34,0.0,0.0,3.61265,1.0,145.3817,32,7.1979,3.0,178.49625,156,473.50785,124,1241.6975,252,28.476149999999997,1,876.5422500000001,34
2021-07-10,1542.431,329,3906.51125,753,514.89205,42,75.7308,3,885.27275,25,0.0,0.0,5.2023,2.0,153.48995000000002,27,8.72955,0.0,179.37945,161,341.36150000000004,83,1302.8588499999998,220,21.39985,2,913.6510499999999,36
2021-07-11,1831.46,283,3525.7790000000005,663,505.1215,27,123.70354999999999,4,852.1445,29,0.0,0.0,6.00805,2.0,148.26315,27,8.83965,0.0,171.5775,103,328.93095,80,1206.38255,211,17.1268,3,845.20485,36
2021-07-12,1993.1196,341,3638.17055,968,423.7604,39,100.43025,10,876.9464999999999,40,0.0,0.0,5.19115,2.0,152.1134,40,8.9728,2.0,166.06595000000002,237,789.7764999999999,212,1808.3852,472,31.69785,8,725.8044,38
2021-07-13,1987.47085,445,3027.6904999999997,776,397.98325,37,84.0067,4,883.6566,50,0.0,0.0,5.5186,3.0,154.918,41,7.52665,1.0,179.33735000000001,183,778.5618000000001,227,2692.5049,588,25.782899999999998,5,663.6252499999999,25
2021-07-14,1988.0454,437,2629.89755,663,394.37115,45,83.4293,5,857.7678,49,0.0,0.0,5.18785,1.0,147.04765,46,6.9129,3.0,168.96779999999998,164,893.45465,256,3165.6209999999996,517,28.4089,0,663.8913,37
2021-07-15,1971.7407500000002,366,2633.33425,635,398.8603,42,78.21885,6,849.0057,39,0.0,0.0,5.0234,1.0,147.49200000000002,40,6.629049999999999,2.0,154.72285,166,1036.4026,221,3099.43185,518,31.2475,3,636.50515,32
2021-07-16,1820.41925,332,2671.3404499999997,657,392.82599999999996,31,88.23700000000001,6,891.9625,53,0.0,0.0,4.87765,6.0,86.22745,24,6.1561,0.0,140.4034,177,1242.69605,238,3049.8792,500,29.897750000000002,6,638.54865,34
2021-07-17,1682.10185,322,2812.062,940,288.97485,39,77.48140000000001,5,930.913,64,0.0,0.0,4.8151,3.0,72.21635,24,6.65175,0.0,151.57399999999998,135,1139.0279,199,3284.0607,514,30.01025,5,692.8011,35
2021-07-18,1793.2563,321,2730.0489000000002,941,261.62675,41,82.79854999999999,13,928.2821,44,0.0,0.0,4.99105,2.0,74.1904,23,6.924049999999999,2.0,149.8005,143,939.83525,155,3041.80305,439,18.6215,1,663.96435,29
2021-07-19,1827.5436,299,2766.3969,959,313.7124,59,87.16785,8,919.5199,70,0.0,0.0,4.77285,4.0,88.3607,34,6.88745,1.0,150.4117,311,1217.4016000000001,264,3160.6425,590,58.9876,7,641.1864,39
2021-07-20,1731.19845,387,2705.0872499999996,681,397.5757,51,83.6806,6,856.40835,35,0.0,0.0,5.1223,2.0,123.92745000000001,41,3.9279,1.0,150.13675,217,608.1995499999999,172,2879.52495,400,30.23745,0,664.79345,33
2021-07-21,2664.55015,468,3149.7007,1288,398.24385,42,86.3968,7,876.0458,32,0.0,0.0,5.0958499999999995,2.0,124.79735000000001,41,7.30225,1.0,151.3603,154,636.4126,169,2078.363,494,44.0083,3,672.73605,28
2021-07-22,2309.1518,611,3113.82725,1455,382.9622,67,83.73695,4,848.3074499999999,47,0.0,0.0,5.0584,1.0,125.7208,59,6.9971000000000005,4.0,150.71110000000002,148,741.5294499999999,191,1976.27625,534,44.5141,4,650.04805,25
2021-07-23,1993.94835,525,2944.9743,1406,390.1474,60,72.4255,9,879.62275,92,0.0,0.0,4.5982,3.0,124.46325,40,5.71525,1.0,149.0936,107,714.4429000000001,172,1758.1552,398,33.4592,1,645.28145,34
2021-07-24,1922.7948000000001,422,3057.5538,1144,433.62519999999995,59,65.47545,3,899.3489,73,0.0,0.0,3.9852,1.0,125.16775,39,6.033049999999999,2.0,148.48605,70,710.88095,143,1782.25865,361,22.34115,1,668.9933500000001,44
2021-07-25,2008.36125,436,3003.5064500000003,1241,599.975,62,85.8977,5,898.6257,69,0.0,0.0,4.65125,1.0,121.1138,37,6.6404499999999995,0.0,145.06075,79,723.567,163,1683.3638500000002,388,25.6736,3,644.95785,35
2021-07-26,2326.85585,490,3007.085,1456,864.2685,100,87.5433,6,948.07815,73,0.0,0.0,5.1567,1.0,122.91104999999999,58,7.105599999999999,1.0,144.4143,156,1089.5534,296,1757.7007999999998,439,27.45625,3,657.5613000000001,36
2021-07-27,2096.9164,516,3051.8614500000003,1387,922.9672999999999,106,81.90814999999999,13,904.9316,64,0.0,0.0,3.322,2.0,123.21305000000001,34,5.3836,0.0,152.2118,168,1006.2950500000001,240,1722.2964000000002,395,25.6693,6,473.78175000000005,46
2021-07-28,2089.73355,507,2941.40435,604,976.5274000000001,113,65.3981,10,880.4602,67,0.0,0.0,5.6271,0.0,121.2534,32,6.77175,1.0,152.12895,125,952.2809,245,1657.64835,367,19.010350000000003,3,575.01635,44
2021-07-29,1990.7033,476,3297.0517999999997,473,990.89175,116,65.98285,6,895.09165,57,0.0,0.0,5.17725,2.0,124.25685,38,3.9715499999999997,0.0,152.3833,148,1170.36485,228,1687.6741,358,18.48395,0,587.52365,51
2021-07-30,2014.5254,439,2897.35505,487,1015.2666,97,88.74655000000001,9,861.8278,63,0.0,0.0,3.19305,3.0,122.8716,35,8.23,0.0,148.7839,175,953.5121,213,1702.07685,303,18.801949999999998,4,583.03585,41
2021-07-31,1374.43615,321,3035.1464,477,736.9907499999999,72,70.80575,11,1022.445,72,0.0,0.0,4.2373,1.0,130.1156,25,3.74585,0.0,155.017,160,809.3502500000001,146,1794.6419500000002,287,29.8567,3,620.98015,41
2021-08-01,2040.77685,343,2956.9278999999997,470,540.20245,56,69.39135,2,926.30015,48,0.0,0.0,5.729,4.0,123.6032,25,6.91115,0.0,144.8759,148,731.8091000000001,160,1723.95935,345,72.07595,7,587.409,67
2021-08-02,2177.79445,421,2934.03645,562,615.43295,73,102.32844999999999,3,887.2249499999999,48,0.0,0.0,5.21645,4.0,125.05775,44,7.32345,1.0,151.1269,229,1137.9876000000002,319,1744.2116500000002,401,114.7332,4,576.46875,62
2021-08-03,2213.4692,564,2855.5576,558,709.9371000000001,93,87.96285,2,1066.32935,56,0.0,0.0,5.5485500000000005,1.0,124.8805,60,7.51315,0.0,151.92685,225,942.1481,284,1734.6801999999998,375,103.11565,8,591.6784,44
2021-08-04,2246.7463000000002,570,2931.36615,597,761.8213499999999,105,80.98675,3,1098.86095,37,0.0,0.0,5.7271,2.0,124.9029,47,6.83545,0.0,143.8844,154,920.44925,279,1743.5420499999998,355,105.9507,11,594.6396,50
2021-08-05,2277.6060500000003,510,2846.7162,687,761.13555,93,93.67399999999999,5,875.572,37,0.0,0.0,5.218500000000001,1.0,119.0839,41,6.32195,0.0,152.48915,151,1073.8753,269,1738.5653,373,66.11449999999999,3,574.6335,51
2021-08-06,2250.4709,460,2810.2942,532,778.1222,84,88.14030000000001,3,886.76935,70,0.0,0.0,2.2292,0.0,119.70375,31,7.2253,0.0,146.69835,175,906.9571,233,1654.5088500000002,309,85.42469999999999,9,576.8426999999999,43
2021-08-07,1952.6386499999999,444,2991.2281,493,505.3689,72,72.82600000000001,5,317.2818,31,0.0,0.0,2.2446,0.0,129.3094,27,3.5814,1.0,158.99845,132,723.6451,160,1936.8901999999998,322,98.4911,5,628.3247,29
2021-08-08,2098.4082,398,2962.1077,479,531.4638,51,80.6821,5,323.1895,49,0.0,0.0,8.0574,0.0,125.7974,40,7.4753,0.0,150.886,123,813.4391,212,1923.8618,357,98.2395,6,776.9054,106
2021-08-09,2325.6165,527,2934.0921000000003,643,525.6347499999999,111,95.1946,10,220.53134999999997,40,0.0,0.0,5.9665,0.0,125.15155,39,7.3805,2.0,143.19955,261,1052.41535,255,1461.0701000000001,377,78.34345,7,782.25845,176
2021-08-10,2270.38685,565,2851.04785,563,543.4701,112,81.3017,4,0.0,6,0.0,0.0,2.09055,2.0,122.77865,36,5.12275,2.0,50.8848,123,995.4139499999999,253,1369.3171499999999,320,74.40315,3,803.811,148
2021-08-11,2049.0893,562,2892.2165999999997,645,552.46935,78,81.063,11,406.709,28,0.0,0.0,2.4400999999999997,0.0,124.3072,41,7.6286000000000005,3.0,24.906950000000002,12,942.4266,225,1837.3159,418,76.73564999999999,1,606.2372,143
2021-08-12,2118.9809,517,2893.64195,543,551.58855,78,82.93205,7,767.4238,50,0.0,0.0,4.07545,2.0,123.2721,41,6.190650000000001,1.0,171.08169999999998,40,886.5458500000001,256,1763.1082999999999,321,77.57485,10,584.3955000000001,123
2021-08-13,2220.8823,473,2939.4583000000002,476,547.21905,66,70.89825,5,970.0754499999999,80,0.0,0.0,6.9335,1.0,121.67315,37,5.438400000000001,2.0,169.33505000000002,99,656.2229000000001,213,1842.4176,323,74.28569999999999,3,578.1821,96
2021-08-14,1619.1357500000001,333,3105.78375,442,519.32745,48,76.58515,2,1016.51775,73,0.0,0.0,4.43795,4.0,129.1904,23,5.03995,0.0,168.986,80,616.8911,153,2045.21215,306,57.54665,4,625.5589,104
2021-08-15,1995.5580499999999,292,3117.5096000000003,441,467.3421,46,60.344750000000005,5,969.9548,52,0.0,0.0,10.536900000000001,1.0,124.31315000000001,37,7.77995,0.0,147.6576,81,575.7925,130,1947.5687,269,60.18715,1,594.1766,85
2021-08-16,2400.7229,376,3089.0011,490,467.4756,59,110.3101,5,951.8192,59,0.0,0.0,5.8518,2.0,123.20684999999999,23,7.074450000000001,0.0,144.44035,100,920.9553,223,2107.08895,350,71.8237,1,578.09015,92
2021-08-17,2390.9460999999997,393,2968.02125,511,662.0310499999999,103,72.52199999999999,6,752.06165,67,0.0,0.0,6.113300000000001,0.0,123.71379999999999,27,5.33455,0.0,146.7834,179,1082.1618,324,2331.39925,301,61.240100000000005,2,582.37655,129
2021-08-18,2416.7165,403,3068.9678499999995,523,852.5568499999999,110,82.9666,8,668.85815,50,0.0,0.0,2.615,2.0,126.77825000000001,37,5.05435,1.0,140.90345,158,843.8668999999999,252,2828.0809499999996,346,56.06295,5,607.7901,134
2021-08-19,2375.43795,390,2915.5888,476,853.93615,102,73.18975,8,661.8916,49,0.0,0.0,3.647,0.0,122.93375,32,4.167,4.0,125.19585,111,942.1903500000001,278,2525.85625,366,69.59445,4,599.53645,96
2021-08-20,1978.8537,414,2938.36125,408,855.5864,79,66.6164,4,726.2063499999999,57,0.0,0.0,5.586749999999999,2.0,157.39145,40,2.088,2.0,153.08845,141,1011.42615,266,2888.3974,312,53.1497,7,584.28425,90
2021-08-21,1490.5899,319,3118.7073,473,936.22265,76,53.6321,7,813.2344,62,0.0,0.0,1.8876499999999998,1.0,208.92025,54,5.7902499999999995,3.0,159.88465,92,783.0654499999999,190,3212.1792,359,36.09605,4,635.80945,99
2021-08-22,2126.31735,352,3011.9152000000004,394,843.95925,65,70.36455,4,855.4576,56,0.0,0.0,0.6021500000000001,0.0,208.2502,51,4.6133999999999995,1.0,150.3562,91,762.02935,184,2992.5054,371,35.95475,4,583.2196,86
2021-08-23,2303.0793,379,3125.93995,475,848.8021000000001,116,59.62825,7,936.8524000000001,71,0.0,0.0,8.89405,2.0,212.52169999999998,41,4.4537,1.0,142.38094999999998,177,1189.82195,187,3394.0603,477,74.8685,7,606.1983,78
2021-08-24,2308.6328,434,3046.98145,427,876.94145,97,52.8181,9,887.4737,63,0.0,0.0,9.263250000000001,2.0,212.46529999999998,48,4.42235,0.0,146.54489999999998,154,1147.3467,258,3414.63805,586,47.67745,3,685.54145,104
2021-08-25,2080.208,494,3078.0286499999997,469,805.1417,110,52.19135,6,872.0841499999999,64,0.0,0.0,5.816599999999999,3.0,211.9627,44,3.5776,0.0,152.91129999999998,132,977.8537999999999,271,3487.9509000000003,575,46.73125,5,687.3355499999999,123
2021-08-26,2102.2573,503,3042.7984,451,813.21405,109,47.5137,11,1611.87205,55,0.0,0.0,5.4572,0.0,207.3086,49,2.0091,0.0,152.66935,116,652.51465,220,3349.0359999999996,589,41.755050000000004,4,688.6749000000001,93
2021-08-27,2071.22305,463,3029.03715,425,808.4705,75,53.23,5,830.55345,53,0.0,0.0,3.1128500000000003,0.0,203.26045,33,3.93685,1.0,150.82254999999998,114,833.4102,244,3323.54105,414,37.80415,5,694.33185,115
2021-08-28,1885.69555,359,3144.88985,443,862.7247500000001,94,44.365950000000005,8,393.43260000000004,50,0.0,0.0,5.622000000000001,0.0,147.19975,51,4.9429,1.0,103.97345,66,992.79495,236,3550.03195,362,47.31615,6,732.11145,109
2021-08-29,1424.4348,320,2942.1834499999995,420,815.2205499999999,72,47.2301,6,448.44545,44,0.0,0.0,4.1960500000000005,4.0,146.1831,47,3.8869,2.0,104.38815000000001,94,1087.35185,262,3343.1237,372,47.12575,4,677.5558500000001,115
2021-08-30,2026.12005,455,3070.3656,558,824.36525,87,51.99895000000001,3,799.4805,73,0.0,0.0,4.4657,2.0,199.9664,49,4.1706,1.0,150.26465,107,1412.20975,352,3536.408,519,57.52055,4,691.8775999999999,116
2021-08-31,1958.80385,370,3081.0847999999996,567,850.0963499999999,96,45.74765,4,740.8977,82,0.0,0.0,2.51945,1.0,211.35784999999998,40,2.7207999999999997,0.0,149.82715,152,1046.2677,326,3353.71275,510,70.59025,11,695.01325,134
2021-09-01,2278.2536999999998,555,3187.2336,604,808.84085,118,43.821099999999994,4,671.2000999999999,32,0.0,0.0,1.4922,1.0,212.43689999999998,59,4.2977,1.0,150.7862,156,1308.9482,390,3381.2340500000005,798,62.077200000000005,8,707.0761,151
2021-09-02,2314.2246,535,3082.8308,729,724.4441,148,63.1725,12,653.9945,21,0.0,0.0,5.3107500000000005,3.0,209.6959,59,5.2011,0.0,149.79765,173,1410.10925,416,3263.45645,680,67.2263,12,733.3361,153
2021-09-03,2268.2271,452,2984.0338,645,703.6235,112,72.84385,5,631.1902,22,0.0,0.0,9.24405,6.0,203.15695,56,5.36505,3.0,144.03725,139,1369.6701999999998,335,3144.2774,634,69.0835,10,702.0031,123
2021-09-04,2132.42165,339,3097.546,598,755.54795,102,41.8683,3,250.9109,21,0.0,0.0,6.0901,3.0,147.09315,44,3.97085,1.0,103.9633,78,1214.0551,249,3380.8709999999996,588,60.7426,13,743.0495500000001,102
2021-09-05,1920.98825,316,2945.2671,587,703.6056,80,63.21665,3,251.18650000000002,21,0.0,0.0,3.0254000000000003,4.0,140.776,33,4.15465,0.0,103.74365,69,1171.27065,231,3054.397,515,64.4536,12,732.01565,110
2021-09-06,2510.08835,507,2956.29435,580,722.7510000000001,121,97.09094999999999,7,1446.15835,67,0.0,0.0,3.4556,3.0,201.03275000000002,57,4.75305,1.0,148.94219999999999,154,1489.85905,335,3201.3386499999997,634,71.83395,12,740.34875,158
2021-09-07,2425.91655,498,2926.1065999999996,675,731.3174,124,83.962,6,1021.1991,62,0.0,0.0,8.83605,3.0,208.3905,71,3.25655,1.0,144.6457,137,1357.8057000000001,323,3465.45075,782,71.27825,7,745.00605,144
2021-09-08,2279.0729,528,2997.8397499999996,727,724.91345,119,69.60745,12,827.1863000000001,59,0.0,0.0,6.0849,3.0,208.33555,69,4.2303500000000005,4.0,147.74665000000002,96,1442.1064999999999,389,3397.32595,725,59.90085,4,757.1077,146
2021-09-09,2314.10225,437,3015.7448,662,739.9799499999999,112,73.18005,7,839.8375,60,0.0,0.0,5.9459,1.0,200.75025000000002,50,2.71055,0.0,147.95685,123,1421.2469,355,3520.4225,671,56.273999999999994,5,781.01825,154
2021-09-10,2199.4166,393,3000.9474,681,704.5129,91,66.21985,5,924.4942,67,0.0,0.0,3.1262,0.0,203.7773,62,2.0982499999999997,1.0,148.2496,142,1430.2179999999998,359,3339.6097499999996,561,42.44825,4,750.02485,120
2021-09-11,1381.9358,292,3146.5307000000003,595,542.88415,65,62.39465,4,725.83865,41,0.0,0.0,2.06185,1.0,146.90355,36,4.62865,1.0,104.01215,90,1341.64875,281,3522.8149,534,43.920249999999996,3,595.2781,103
2021-09-12,1249.50005,262,3110.59155,670,523.35055,61,64.2428,5,695.2234,50,0.0,0.0,1.3428499999999999,2.0,144.82065,48,5.05835,0.0,101.09785,92,1394.4334,293,3193.9257500000003,540,58.45085,4,567.7174,118
2021-09-13,2541.43935,533,3053.44035,698,574.04755,99,71.1474,10,912.39455,66,0.0,0.0,9.2212,1.0,276.60055,93,4.9539,0.0,132.09495,177,1442.46665,403,3262.87775,686,72.28225,11,699.80265,149
2021-09-14,2625.1191,552,3126.57595,652,648.5137,95,67.00274999999999,4,785.53545,43,0.0,0.0,7.397,0.0,223.33895,82,3.2988999999999997,1.0,152.88295,168,1281.5754,312,3352.72505,636,65.55925,11,768.4078999999999,111
2021-09-15,2583.60155,562,3029.5058000000004,576,685.3566000000001,105,62.422200000000004,6,981.59015,38,0.0,0.0,6.141900000000001,1.0,207.09169999999997,55,3.5838,1.0,156.3558,163,1326.2019500000001,343,3051.76005,498,67.15965,12,770.6099499999999,116
2021-09-16,2645.1131,562,3122.66705,596,706.1517,77,63.244099999999996,6,1084.7013,35,0.0,0.0,4.69145,2.0,217.4377,104,5.3023,0.0,161.5582,126,1566.8134,330,3232.34135,531,62.37435000000001,2,782.5594,115
2021-09-17,2464.14755,476,2930.82655,481,707.1792999999999,71,59.118950000000005,4,804.6205,37,0.0,0.0,6.0663,4.0,208.86095,105,4.8786000000000005,2.0,161.4137,104,1244.55845,286,2742.66815,435,50.67060000000001,5,587.11085,95
2021-09-18,1839.5975,344,2987.2350500000002,445,774.6763000000001,69,45.69245,3,673.8971,33,0.0,0.0,2.6898500000000003,0.0,146.40805,74,1.01925,0.0,110.92334999999999,83,1046.79605,227,2648.9429999999998,378,51.1192,6,628.09155,85
2021-09-19,1710.1325,385,2900.94675,445,712.65845,70,50.001099999999994,3,678.1429499999999,26,0.0,0.0,3.38355,0.0,145.66995,83,0.63305,1.0,112.32155,93,1065.6322,221,2500.6772,425,56.2316,7,597.20485,88
2021-09-20,1022.7797999999999,222,2900.4042,583,769.9603,106,75.3555,5,684.44025,43,0.0,0.0,7.20715,4.0,181.5449,133,5.87505,1.0,148.59365,160,1617.32095,458,2683.02805,639,62.9878,7,738.64675,122
2021-09-21,0.0,2,2956.50955,680,889.9261,100,71.23235,4,685.1008,39,0.0,0.0,6.26295,0.0,184.37400000000002,108,7.228,0.0,160.18905,109,1516.28295,427,2632.8101500000002,608,57.975,6,833.76555,157
2021-09-22,701.0083500000001,141,2833.80505,569,922.45465,102,69.44274999999999,3,675.6192,30,0.0,0.0,5.81885,4.0,181.16095,122,5.145650000000001,0.0,158.9441,90,1634.4085999999998,439,2724.3908,699,60.533249999999995,2,831.7630499999999,148
2021-09-23,3001.3825500000003,612,2891.39635,559,865.868,84,61.87235,2,799.1925500000001,28,0.0,0.0,5.130800000000001,1.0,179.3377,111,2.6510000000000002,0.0,173.01215,113,1288.9528,355,2723.6326,578,58.7462,5,814.62185,129
2021-09-24,3035.1676500000003,547,2801.4134000000004,417,850.8105,102,65.7587,4,1004.8705,53,0.0,0.0,5.684550000000001,2.0,179.8502,88,2.3569999999999998,0.0,173.2477,103,1142.95035,279,2539.4099499999998,463,50.6216,8,625.5673,111
2021-09-25,2206.4513500000003,345,2876.1145500000002,345,962.4192999999999,64,65.02420000000001,2,1015.6572500000001,37,0.0,0.0,5.3343,0.0,129.9397,69,3.9403500000000005,0.0,120.75665000000001,85,897.8114999999999,241,2630.30805,352,45.50045,7,669.55595,107
2021-09-26,2396.24955,340,2846.4665000000005,413,862.4833,69,61.20025,5,1015.27835,46,0.0,0.0,2.352,0.0,128.24405000000002,63,5.65415,0.0,118.34299999999999,95,858.8303500000001,190,2471.1916,406,54.1525,7,627.4073999999999,108
2021-09-27,2621.8885499999997,369,2795.08045,493,859.32745,104,67.7081,3,1027.2285000000002,51,0.0,0.0,5.71885,4.0,160.41084999999998,96,5.0289,1.0,172.99235000000002,146,1229.7353,357,2594.8198,560,60.17735,11,843.8177499999999,146
2021-09-28,2325.20185,485,2849.30365,576,897.83985,85,91.76575000000001,7,946.93885,41,0.0,0.0,4.85365,0.0,162.69645,84,4.43015,1.0,202.0726,134,1213.4257499999999,300,2392.2445000000002,464,62.77195,8,1007.8146,162
2021-09-29,1759.5651500000001,474,2979.6208,522,924.88135,87,158.83665000000002,3,836.2667,37,0.0,0.0,4.32615,1.0,169.17755,77,3.6281,0.0,210.84509999999997,137,1064.78065,265,2459.07995,444,59.1126,5,992.07,181
2021-09-30,1611.90075,402,2924.1434000000004,500,914.3580000000001,80,155.95780000000002,7,859.9748500000001,38,0.0,0.0,4.05475,5.0,167.0717,75,2.3779,0.0,218.3217,133,1292.85475,288,2519.9975,414,16.925,6,1008.4110000000001,177
2021-10-01,1824.55755,459,2838.3487,465,788.44015,57,99.92625,7,747.4102499999999,36,0.0,0.0,3.3253,3.0,158.0798,93,2.5486500000000003,0.0,141.66495,120,1121.89965,275,2487.9618,424,40.522,7,713.9421000000001,117
2021-10-02,1769.5406,388,2957.8491999999997,382,698.7319,50,103.68805,2,759.68115,34,0.0,0.0,5.88795,1.0,113.11825,62,4.94205,1.0,67.50775,64,899.8413499999999,248,2604.8139,383,27.188499999999998,3,720.5021,102
2021-10-03,1818.65255,349,2964.19425,388,704.4345500000001,54,122.1125,4,753.5992,23,0.0,0.0,6.8301,0.0,110.51854999999999,66,1.899,0.0,66.4369,54,838.32075,215,2478.0478,361,50.55165,5,685.76455,112
2021-10-04,2046.20255,452,2835.49715,523,691.5161999999999,58,122.16535,5,716.8864500000001,29,0.0,0.0,6.120850000000001,4.0,163.14375,91,6.8092,0.0,82.03280000000001,42,1325.9351000000001,445,2278.23875,377,94.67835,23,658.6994500000001,85
2021-10-05,1290.30815,343,3038.6040000000003,543,762.1296000000001,92,107.6242,5,782.39325,44,0.0,0.0,5.1689,3.0,173.72384999999997,92,4.8083,1.0,168.39724999999999,57,1062.9728,302,2525.65145,509,64.47905,10,712.7234,154
2021-10-06,1224.3525,344,2919.06125,540,738.37465,104,111.73315000000001,3,1107.5781,36,0.0,0.0,4.65915,1.0,166.43665000000001,95,3.2199,0.0,171.81814999999997,71,1242.14635,347,2466.0356,513,66.0373,11,609.3668,144
2021-10-07,1273.07635,346,2886.4309999999996,466,755.82195,76,108.71815000000001,3,1257.18355,55,0.0,0.0,4.8963,4.0,157.4693,81,5.20165,1.0,184.81735,77,1329.4245,274,2519.6787,416,64.74445,6,544.4858,125
2021-10-08,1189.71555,339,2827.1215,405,731.90685,61,100.66709999999999,7,1325.9500500000001,51,0.0,0.0,2.0816999999999997,0.0,170.6246,71,3.7828,1.0,190.93465,98,1209.64935,266,2580.9118,431,50.04645000000001,3,318.272,27
2021-10-09,1166.66165,365,2883.77735,377,802.8162,50,107.12010000000001,6,1190.20675,38,0.0,0.0,1.2011,0.0,134.60945,66,2.5147999999999997,0.0,132.88389999999998,61,1156.2505,228,2620.803,406,52.460950000000004,7,334.0549,28
2021-10-10,1166.8138000000001,256,2805.4031,370,719.6137,47,91.69825,1,973.9612,33,0.0,0.0,3.3602499999999997,1.0,138.02020000000002,78,4.6692,2.0,129.39155,66,1026.9138,249,2419.9655,353,55.43625,8,314.65395,29
2021-10-11,1280.7241000000001,281,2840.52775,498,710.02255,73,91.9472,8,854.1877000000001,60,0.0,0.0,10.71405,1.0,166.71955000000003,112,4.916650000000001,1.0,187.1421,91,1114.5435,298,2455.071,437,41.655699999999996,4,446.41035000000005,40
2021-10-12,1406.645,356,3005.89115,558,728.1714,82,130.2491,4,862.0075999999999,60,0.0,0.0,6.628150000000001,2.0,165.57255,112,4.36435,2.0,192.9469,99,1185.10385,332,2580.3319,439,60.32064999999999,8,555.5127,107
2021-10-13,1393.9709,511,3405.72505,602,758.1896,78,112.31235000000001,9,933.0047999999999,54,0.0,0.0,4.0838,4.0,170.90875,93,4.40755,0.0,191.00375,105,1132.92485,353,2619.72215,474,63.407700000000006,8,574.4513,134
2021-10-14,1007.09565,447,3274.5771000000004,495,654.8983000000001,68,98.4911,8,893.7688499999999,39,0.0,0.0,2.2457499999999997,0.0,163.44385,69,3.8490499999999996,2.0,190.28755,84,1167.79495,298,2468.51795,452,62.89615,8,562.3897499999999,111
2021-10-15,779.97945,346,3412.4710499999997,445,540.0057,37,83.86425,3,765.03835,27,0.0,0.0,8.05515,2.0,165.43544999999997,55,3.9555000000000002,0.0,193.83075,59,1287.43275,305,2473.18385,312,45.958800000000004,6,418.78475,80
2021-10-16,945.4148,301,3544.8915,381,598.87125,34,102.03505,1,662.44425,39,0.0,0.0,5.3398,3.0,127.1498,51,4.16585,1.0,132.83025,54,1040.2227,240,2512.34105,265,46.87285,2,440.301,64
2021-10-17,1609.68125,365,3427.135,338,558.67905,29,115.2024,2,583.50025,32,0.0,0.0,2.32435,1.0,134.93245000000002,64,3.1390499999999997,0.0,135.25005,49,976.7595,191,2234.9216,243,61.524750000000004,4,400.51959999999997,58
2021-10-18,1615.90165,337,3526.5134999999996,515,562.0716,63,120.06774999999999,6,589.35645,29,0.0,0.0,7.2017999999999995,2.0,171.74705000000003,62,3.9417500000000003,1.0,191.0562,128,1298.34725,296,2331.2733,337,28.05685,3,690.51485,120
2021-10-19,1552.1368,381,3600.1746999999996,540,579.3056,60,115.35395,3,578.8967,26,0.0,0.0,6.566050000000001,2.0,179.2046,81,1.1657,0.0,202.4178,136,1125.18725,323,2501.23845,357,25.541,3,831.6767500000001,102
2021-10-20,1548.6614000000002,451,3529.4252,478,575.08905,49,98.36280000000001,5,512.0696499999999,33,0.0,0.0,6.02995,3.0,180.09935000000002,77,0.8048000000000001,1.0,208.15945,151,1128.26465,319,2521.53325,371,33.2923,9,929.8178999999999,123
2021-10-21,1479.2813,391,3538.44405,491,591.0179499999999,57,97.16629999999999,4,305.11150000000004,21,0.0,0.0,5.84615,3.0,177.97935,62,6.24665,2.0,206.12810000000002,168,1293.55115,317,2355.68165,350,38.6163,4,742.7637,133
2021-10-22,1611.0794,352,3490.0490000000004,449,600.45625,63,99.96365,2,506.43165,25,0.0,0.0,5.8103,2.0,173.946,78,6.0014,1.0,202.95045,186,1793.38135,419,1933.50285,243,78.0609,7,758.31785,145
2021-10-23,1445.636,516,3554.5368,431,653.55515,57,121.96965,7,416.04195,31,0.0,0.0,4.6907,2.0,136.2443,57,4.67275,1.0,145.6353,124,1730.4982,382,1902.81405,212,90.0749,6,805.0578,171
2021-10-24,1400.07835,413,3559.192,475,616.9125,36,82.0467,3,279.9331,14,0.0,0.0,2.29365,1.0,147.11435,68,2.8045999999999998,1.0,146.83015,139,1410.6289000000002,298,1972.1552,192,44.884899999999995,5,603.92265,146
2021-10-25,1939.23715,486,3470.3390000000004,463,625.44295,65,87.66770000000001,2,0.0,6,0.0,0.0,4.4546,1.0,173.90105,59,5.2759,1.0,179.77025,162,1863.3508,450,2073.26955,304,40.881750000000004,3,763.52895,157
2021-10-26,1772.48935,489,3478.2911,400,626.7393,51,143.67940000000002,1,322.8234,2,0.0,0.0,5.09125,2.0,190.5112,50,4.7947500000000005,1.0,197.11625,154,1704.88645,453,2127.2880999999998,229,56.96835,12,1032.30015,183
2021-10-27,1428.6248999999998,515,3454.05485,418,630.10925,60,98.98465,2,265.57599999999996,8,0.0,0.0,2.6777499999999996,1.0,185.68575,46,3.5762,4.0,199.09175,187,1399.7544500000001,326,2084.2434,311,60.5827,4,1036.58955,150
2021-10-28,1335.6859,450,3444.8414000000002,482,645.44395,64,43.8015,2,235.3859,5,0.0,0.0,3.486,3.0,186.93959999999998,59,2.6753500000000003,1.0,226.0208,217,1309.0503999999999,309,2104.0117499999997,290,50.893950000000004,6,1037.1244,159
2021-10-29,1576.17835,514,3449.8392,430,637.9671,50,95.61545,3,248.6984,10,0.0,0.0,7.60105,6.0,181.91435,48,4.41935,0.0,240.63765,182,1640.4169,371,2089.53725,248,48.30955,6,816.9806,141
2021-10-30,1079.05855,336,3566.42415,468,686.18505,44,118.81370000000001,6,251.18380000000002,7,0.0,0.0,1.639,1.0,190.5415,61,3.40235,0.0,251.17025,160,1321.4617,286,2154.99445,211,55.84465,5,859.3375,64
2021-10-31,1160.70835,390,3577.31685,410,624.5858999999999,38,75.81569999999999,8,246.3836,6,0.0,0.0,1.43005,2.0,182.54825,62,1.70765,0.0,242.13174999999998,166,1176.2631,229,2143.41205,285,39.37975,3,841.54295,142
2021-11-01,2543.6128,762,2649.03315,1110,3093.8888500000003,236,169.82825,10,359.35525,24,0.0,0.0,0.0,0.0,174.40275000000003,88,0.0,0.0,174.81035,199,1267.2565,303,2109.36435,320,56.65275,9,720.25765,139
2021-11-02,2590.55995,557,2883.8134999999997,848,2241.5501,152,146.5444,11,544.9291000000001,31,0.0,0.0,11.066199999999998,2.0,169.7959,51,1.4024,0.0,176.87595000000002,171,1007.14375,232,2157.89565,288,76.316,10,910.8836,202
2021-11-03,2564.6474,481,2937.7290999999996,710,1415.97095,116,149.9099,11,519.3621499999999,30,0.0,0.0,8.82925,1.0,167.00900000000001,46,6.456849999999999,0.0,173.3964,170,793.3344500000001,231,2140.68355,243,48.3192,6,898.59685,158
2021-11-04,2569.66495,363,3023.9954,602,690.2508,44,166.63665,9,576.73005,13,0.0,0.0,8.5642,4.0,160.1666,56,7.30625,0.0,172.2886,184,1004.3661999999999,208,2070.63245,245,50.37495,7,853.93575,135
2021-11-05,1570.8623,251,2916.0393,577,699.99095,49,146.3863,10,731.35945,25,0.0,0.0,4.07685,2.0,166.2473,53,5.4902,0.0,177.3319,165,873.57725,219,2041.9832500000002,215,52.723549999999996,6,867.735,130
2021-11-06,1316.92975,236,2971.304,571,756.7348,33,145.76525,7,792.5503,21,0.0,0.0,1.2061,1.0,177.00185000000002,49,1.3880000000000001,0.0,174.5081,114,689.4489,155,2183.71855,209,41.2303,3,929.58065,119
2021-11-07,1244.1864,305,2843.4476,597,698.7557499999999,45,150.8228,4,751.32225,22,0.0,0.0,6.718500000000001,1.0,147.34075,31,0.8704000000000001,1.0,174.52134999999998,97,500.37559999999996,116,2014.0657999999999,174,38.469899999999996,4,876.4488,95
2021-11-08,1401.01895,572,3848.7721,596,429.652,44,107.14365,4,411.74089999999995,4,0.0,0.0,15.4992,5.0,151.95285,54,7.9852,2.0,177.78645,139,701.79065,196,2211.2589000000003,315,40.6661,5,790.0777499999999,160
2021-11-09,1325.31335,634,3686.1312,604,530.9264,62,132.68200000000002,8,412.7769,8,0.0,0.0,8.51475,4.0,127.1954,37,10.305,2.0,179.5809,212,803.6758500000001,214,2197.7039,278,61.525200000000005,6,699.78065,182
2021-11-10,1360.10205,662,3700.76005,584,526.976,64,115.05545000000001,6,433.0837,17,0.0,0.0,6.9858,0.0,143.55145000000002,23,5.85405,1.0,180.62,137,790.41425,208,2176.3811499999997,253,43.5585,3,716.83235,161
2021-11-11,1264.6074,555,3680.1258500000004,631,538.3694,70,110.56424999999999,6,465.19265,17,0.0,0.0,10.42675,1.0,154.42225,22,1.1636,0.0,179.707,162,788.4490499999999,146,2240.77425,251,37.45285,8,717.46075,164
2021-11-12,1114.9083500000002,465,3647.3958500000003,713,516.246,76,111.84290000000001,6,547.8931,25,0.0,0.0,9.0882,0.0,204.86135,61,1.24255,0.0,170.33724999999998,139,865.7528,172,2166.1680499999998,222,50.062650000000005,6,542.7112999999999,139
2021-11-13,928.7322,363,3684.143,628,548.92415,76,110.7394,5,548.1968499999999,25,0.0,0.0,2.7283999999999997,0.0,147.832,57,1.5492,0.0,123.39785,108,652.8018,118,2222.76315,177,47.52685,9,583.18615,176
2021-11-14,1124.8319999999999,409,3648.94845,662,533.9205000000001,83,111.4026,2,560.43065,22,0.0,0.0,1.7383000000000002,1.0,153.75435,53,4.2817,0.0,124.4276,93,533.34175,83,2107.22655,189,46.398999999999994,3,566.89565,150
2021-11-15,1381.2404500000002,432,3674.9208000000003,753,535.67585,66,122.15764999999999,2,544.69595,22,0.0,0.0,15.795050000000002,5.0,172.78119999999998,73,10.37745,0.0,214.75165,129,738.9216499999999,178,1935.72335,297,62.359849999999994,6,684.8881,165
2021-11-16,1321.8638,526,3710.2365999999997,969,548.1116000000001,84,77.78444999999999,1,571.17555,27,0.0,0.0,9.782,2.0,179.32444999999998,81,8.14755,0.0,231.33105,163,817.306,181,1753.42785,341,92.33670000000001,8,770.627,230
2021-11-17,1444.6868,572,3315.25855,896,528.6331,74,41.05125,2,590.2855999999999,26,0.0,0.0,4.4454,2.0,182.47965,84,7.5395,0.0,222.53634999999997,125,1269.3091,243,2032.81755,421,64.85735,4,762.97655,222
2021-11-18,1511.73405,559,3108.7483,978,533.15605,61,72.79350000000001,2,586.15035,17,0.0,0.0,4.44865,1.0,181.15470000000002,67,7.27645,1.0,223.8274,101,2448.70925,336,3669.7708000000002,414,39.37875,3,765.29195,162
2021-11-19,1401.19065,557,3014.9302000000002,778,531.7957,55,64.68475000000001,5,479.01285,17,0.0,0.0,13.1818,2.0,181.21075000000002,84,5.61455,1.0,230.0296,89,2401.1167,337,3105.21755,439,38.3721,2,578.9752,141
2021-11-20,681.0153,218,2694.04025,709,581.681,45,78.54140000000001,3,434.97285000000005,23,0.0,0.0,9.3727,2.0,173.57285,62,2.2256,0.0,159.2416,81,1650.4791,209,3149.5884,351,34.23545,4,628.9264499999999,141
2021-11-21,1247.9336,386,2832.1227000000003,722,528.6324,39,52.062,3,436.28144999999995,18,0.0,0.0,2.7606,2.0,169.39245,55,6.2505999999999995,0.0,160.4557,81,1074.5073,158,3128.5929499999997,366,30.7948,9,585.058,112
2021-11-22,1410.28,387,2926.5996999999998,835,526.8042,38,76.86955,1,456.43505,15,0.0,0.0,4.68765,0.0,184.88075,94,6.0349,1.0,211.7795,94,1056.76195,182,3097.20825,431,44.698,6,589.46965,139
2021-11-23,1531.27625,463,2828.8835999999997,742,549.854,68,69.9794,5,453.93045,23,0.0,0.0,12.4647,3.0,219.36005,75,5.42435,1.0,171.52765,166,1429.5139499999998,294,3099.1724,455,76.11234999999999,10,641.3072,151
2021-11-24,953.1686500000001,409,2873.9910999999997,513,556.3570500000001,55,63.20945,3,454.73019999999997,24,0.0,0.0,9.6189,5.0,192.14759999999998,50,5.706900000000001,0.0,184.11055,122,1407.753,257,3350.87245,380,119.21424999999999,16,654.2926,154
2021-11-25,828.11295,276,2875.2323499999998,358,532.59415,40,54.71895000000001,2,455.77925000000005,30,0.0,0.0,5.14315,0.0,184.80485000000002,69,5.30965,0.0,185.673,114,2250.37015,371,3693.8984499999997,450,110.3207,10,657.96785,175
2021-11-26,440.77675000000005,228,2819.2646999999997,323,542.79315,54,59.05625,7,1176.5922,55,0.0,0.0,2.81255,0.0,181.08825000000002,48,1.8537000000000001,0.0,181.06005000000002,130,1874.06825,234,3499.8307,346,86.8425,17,464.48114999999996,92
2021-11-27,260.11545,132,2811.63105,295,586.17105,35,55.94675,2,1117.2055,45,0.0,0.0,5.6506,1.0,163.88965,60,0.42705,0.0,131.69895,72,1343.995,176,3696.6676500000003,328,93.585,11,488.95605,82
2021-11-28,584.27635,260,2569.36395,389,540.694,45,54.55285,5,857.77875,33,0.0,0.0,14.21855,1.0,163.20770000000002,54,1.9388999999999998,0.0,134.49735,88,1613.4554999999998,217,3635.56295,417,102.77945,8,475.05595,91
2021-11-29,1168.8236,441,1847.2548000000002,273,585.79845,46,52.091,4,765.9489,37,0.0,0.0,8.0234,2.0,170.021,32,10.5968,1.0,134.4201,109,2264.6174499999997,327,3644.8149,442,116.86995,12,466.8489,150
2021-11-30,592.2767,228,2258.0948000000003,407,746.7353999999999,60,44.431099999999994,7,743.18485,44,0.0,0.0,4.7382,1.0,170.767,64,6.85585,0.0,130.993,113,2600.87595,329,3544.93495,420,17.945,11,469.9954,140
2021-12-01,819.0344,274,2277.90245,485,737.13675,99,65.1194,5,772.04135,39,0.0,0.0,4.61955,0.0,152.09879999999998,60,6.23895,0.0,150.5692,123,2586.2369,384,3572.50935,416,68.90155,7,582.48915,126
2021-12-02,848.923,230,2429.9955,452,715.2428,120,33.97515,4,959.1904,34,0.0,0.0,6.143400000000001,1.0,155.245,47,6.3039,1.0,160.13594999999998,125,1860.7855499999998,293,3003.4695500000003,318,70.08675,5,610.2026000000001,136
2021-12-03,870.3330000000001,252,2770.2263000000003,494,715.8019,65,85.19775,4,987.7427499999999,35,0.0,0.0,12.741900000000001,2.0,158.7093,67,5.47685,1.0,163.58010000000002,82,1896.9107000000001,288,3537.7613,272,42.391450000000006,3,691.6568,128
2021-12-04,674.6475,176,2879.8046999999997,482,764.584,57,63.060500000000005,4,990.06295,34,0.0,0.0,9.166549999999999,2.0,154.1182,47,6.158099999999999,0.0,117.83965,77,1923.7201,291,3998.02565,284,33.122,5,807.3699,132
2021-12-05,586.1797,170,2880.4655,486,732.0225,55,59.6275,3,1001.8217500000001,30,0.0,0.0,4.01275,2.0,149.51364999999998,49,1.6778,0.0,117.80365,84,1824.8366,247,3934.15435,318,83.12725,8,829.5708500000001,144
2021-12-06,799.7464500000001,302,2941.5648499999998,584,731.10375,77,67.092,5,1008.41425,54,0.0,0.0,8.80585,0.0,92.95370000000001,22,3.3176,1.0,118.87815,116,2289.04685,340,3451.6704999999997,392,105.68934999999999,9,829.1271,168
2021-12-07,690.3439,336,3069.6938,569,730.6025500000001,52,68.5789,3,1011.8693499999999,62,0.0,0.0,6.3275,0.0,49.7197,0,7.12425,2.0,118.50479999999999,127,2229.95495,289,3332.19375,376,78.46015,7,832.2575999999999,112
2021-12-08,495.4828,224,3189.2158,564,748.3449499999999,68,65.11875,9,1013.8530499999999,54,0.0,0.0,2.299,0.0,49.476350000000004,0,2.9902499999999996,0.0,120.84985,109,1633.205,248,3435.6888,403,58.479549999999996,9,803.79775,102
2021-12-09,1045.3192,456,3103.9256,555,723.927,62,67.53609999999999,2,1009.4845,45,0.0,0.0,5.08295,0.0,48.790299999999995,0,2.5437,0.0,120.49879999999999,115,1895.40275,283,3312.41825,352,81.05265,12,700.2558,113
2021-12-10,1435.7401,551,3553.70785,599,737.82845,40,64.5591,6,988.2485499999999,64,0.0,0.0,15.66615,3.0,49.56965,1,4.1555,0.0,115.3365,87,1645.31935,263,1577.8338,174,60.017849999999996,7,614.43785,123
2021-12-11,1521.47665,439,3878.0292,632,825.5445,22,56.5322,4,996.9278999999999,73,0.0,0.0,9.0525,1.0,53.8975,7,7.23385,0.0,121.12825000000001,102,1298.59125,197,1348.40125,175,34.34415,4,557.93545,97
2021-12-12,1544.1763500000002,440,3947.8652,624,723.2821,20,56.154650000000004,3,1011.35905,69,0.0,0.0,3.76115,0.0,49.49075,10,9.914299999999999,0.0,120.11364999999999,70,1268.59175,219,1399.8733,163,43.58560000000001,3,517.67225,90
2021-12-13,2202.0133,577,4087.74325,713,732.3372,22,62.6022,5,1174.5859,79,0.0,0.0,10.5089,2.0,49.2935,12,6.76245,0.0,115.80045,104,1551.98275,284,2479.90575,349,52.8403,6,515.80335,127
2021-12-14,1991.3610500000002,684,4362.75425,830,763.2474000000001,48,61.53895000000001,11,1296.7336500000001,100,0.0,0.0,9.776,3.0,50.958999999999996,11,2.05005,0.0,120.25184999999999,84,1399.4464,253,3255.22315,391,38.3515,7,515.7701000000001,96
2021-12-15,2383.134,551,4620.0539,791,794.3036500000001,81,53.5862,10,1568.7344,105,0.0,0.0,9.19165,3.0,50.48225,6,2.48015,1.0,118.84559999999999,82,1159.8803,201,3238.06175,360,51.27055,10,529.53685,131
2021-12-16,2362.07345,509,4726.133449999999,716,767.08885,65,160.53594999999999,6,1752.3460999999998,93,0.0,0.0,9.012,0.0,47.9616,3,7.591900000000001,1.0,120.61895,89,1210.56605,188,3164.0044,345,45.593,6,526.4941,114
2021-12-17,2216.98395,547,4569.1466,629,746.1846499999999,55,265.54085,10,1826.9541,92,0.0,0.0,6.2932500000000005,3.0,48.8917,4,4.59175,3.0,116.8203,68,1246.76735,211,3148.00375,320,39.4863,4,513.8728500000001,107
2021-12-18,1535.7060000000001,450,4576.9301000000005,663,515.23375,43,205.45075,7,1992.39555,72,0.0,0.0,7.063400000000001,2.0,52.9212,4,5.5514,1.0,120.5492,76,1160.27515,180,3316.92635,290,43.18195,3,535.0499,87
2021-12-19,1329.81425,369,4440.0263,622,512.4490499999999,39,195.225,5,1794.04055,94,0.0,0.0,8.0366,0.0,50.2175,4,3.3549,0.0,120.19385,94,1318.85065,204,2971.8190999999997,270,34.6556,9,515.2807,111
2021-12-20,2296.3026999999997,598,4556.0655,727,705.85015,56,191.61455,8,1830.38435,67,0.0,0.0,2.6319999999999997,3.0,48.502449999999996,3,6.766699999999999,0.0,119.45385,98,1934.2489,328,3137.12995,320,45.6971,5,513.9464,120
2021-12-21,2365.7816000000003,554,4879.3656,782,818.27635,66,103.13674999999999,9,1773.2594,70,0.0,0.0,2.8707499999999997,1.0,50.4906,5,3.6744,0.0,117.77285,89,1898.5432,330,2965.8065,322,45.6536,5,515.46875,145
2021-12-22,2390.29205,557,4818.22845,677,841.5016,58,63.861850000000004,5,1422.493,50,0.0,0.0,8.50295,0.0,48.758649999999996,6,6.83135,0.0,117.91955,104,1828.56935,294,2961.1467,250,49.1517,6,685.7642500000001,108
2021-12-23,2805.1428499999997,549,4219.4137,658,839.9748,50,86.07085,6,794.21565,43,0.0,0.0,13.630550000000001,2.0,277.2344,2,6.2835,1.0,116.0078,127,1790.7012,259,2815.2746,250,45.55335,4,701.2615499999999,116
2021-12-24,2191.44045,428,4158.185,516,822.1442999999999,31,26.671599999999998,5,497.38865,28,0.0,0.0,8.1203,0.0,275.909,3,3.0572000000000004,0.0,115.93175,82,1352.47845,216,2626.93505,175,32.225100000000005,2,691.70925,99
2021-12-25,2045.3626000000002,420,4209.4314,558,914.95705,26,30.826999999999998,3,522.7771,10,0.0,0.0,6.31125,0.0,282.22884999999997,1,1.9950999999999999,0.0,125.72035,92,1086.0025,177,2382.4315,192,30.828000000000003,4,727.4142999999999,120
2021-12-26,2277.3472,431,4279.0070000000005,771,838.44765,47,34.8813,5,549.2149,36,0.0,0.0,8.2255,1.0,234.83044999999998,5,1.7748,0.0,117.60610000000001,107,1331.4393499999999,273,2186.64755,244,29.120700000000003,8,701.9636999999999,152
2021-12-27,2213.2508,483,3237.4495500000003,728,502.64775000000003,52,48.8996,5,638.02305,61,0.0,0.0,8.4681,0.0,225.62189999999998,3,10.16735,1.0,119.74680000000001,139,1751.7997,382,2451.27185,283,39.8016,6,721.5288,142
2021-12-28,1594.58955,593,3362.67405,687,482.93379999999996,37,47.37775,4,808.3435000000001,69,0.0,0.0,2.08845,2.0,126.55940000000001,9,5.745850000000001,0.0,120.85395,141,1414.4501,312,3085.8811499999997,317,39.460300000000004,5,744.2507,164
2021-12-29,1241.1928,455,3743.0882,698,468.69910000000004,31,46.42125,6,904.6082000000001,73,0.0,0.0,1.46905,0.0,66.37020000000001,14,3.9883499999999996,0.0,119.59165000000002,176,1992.1839000000002,332,3304.14805,332,38.4461,7,741.10745,155
2021-12-30,1022.8764500000001,333,4176.05335,659,463.37699999999995,50,48.65689999999999,5,869.0382000000001,53,0.0,0.0,1.79305,1.0,63.0437,10,1.9441,0.0,117.7899,178,2168.83975,330,3285.9088,324,36.006,7,777.3865499999999,123
2021-12-31,867.4408,306,4127.5028,535,469.2936,23,16.94895,5,821.3088499999999,36,0.0,0.0,10.86605,5.0,63.8262,9,4.64115,0.0,113.97399999999999,127,1493.2031,197,3067.9979,247,36.97735,3,751.2126,109
2022-01-01,1204.62065,349,4394.9529999999995,642,517.30475,32,19.04525,2,884.3086500000001,25,0.0,0.0,9.97395,0.0,70.5812,8,6.476,0.0,123.4376,148,1629.18765,243,3481.2145,309,60.001450000000006,6,727.7369500000001,107
2022-01-02,1424.13155,462,4432.56815,796,470.8926,33,21.25625,3,854.2846000000001,53,0.0,0.0,9.32,1.0,62.047349999999994,7,6.72405,2.0,119.47040000000001,164,1679.22815,346,3472.9535499999997,408,44.90105,10,704.0353,153
2022-01-03,1418.3624,565,4449.13735,921,498.94800000000004,73,31.97135,9,888.4686999999999,57,0.0,0.0,8.771,2.0,65.8087,17,5.51115,0.0,117.30795,182,1753.8889499999998,482,3756.30925,559,38.0815,5,723.45165,180
2022-01-04,1479.93035,605,4734.0933,983,513.93695,76,66.7035,3,898.71405,50,0.0,0.0,5.05485,2.0,65.77925,27,4.0991,0.0,81.47335,155,2269.1471,463,3768.08505,541,43.27439999999999,3,757.2457499999999,172
2022-01-05,1487.8232999999998,789,4357.060399999999,917,580.81215,70,94.6054,9,896.2931,39,0.0,0.0,2.1469,1.0,65.52845,17,3.6522500000000004,0.0,58.71255,144,1937.5656,401,3100.2326000000003,397,46.32955,6,722.05855,170
2022-01-06,1532.53405,596,4041.16715,868,652.12125,68,147.97655,4,930.65545,39,0.0,0.0,1.4049500000000001,1.0,63.198299999999996,18,2.9539,0.0,60.145,143,2000.48275,372,2599.2936,365,47.8895,3,722.5797,159
2022-01-07,1432.14815,648,3466.8049,762,663.0211,88,106.16045,5,934.59385,43,0.0,0.0,11.43865,2.0,64.3337,14,4.1922500000000005,1.0,57.53405,149,1921.8569,317,2279.1419,309,42.81045,7,712.48265,132
2022-01-08,1269.14905,516,4018.50735,698,521.09105,39,112.0864,3,810.9828,31,0.0,0.0,6.6432,4.0,68.30425,13,2.5311500000000002,0.0,61.15835,125,1890.34825,305,2316.57445,333,32.51775,3,733.6907000000001,110
2022-01-09,1180.93755,456,3931.2838,640,522.21725,57,61.893100000000004,4,761.90925,28,0.0,0.0,1.94055,1.0,62.7074,15,1.6442500000000002,0.0,59.4111,151,1947.50805,303,2198.3402499999997,286,28.10335,3,698.0653500000001,115
2022-01-10,1425.8614000000002,514,3627.4761,745,610.90235,78,74.1363,4,779.8095,27,0.0,0.0,8.7644,1.0,63.57665,12,6.4712,1.0,60.0009,137,2028.355,373,2348.2282,363,28.04475,4,711.60645,152
2022-01-11,1207.8301,625,3995.92845,817,682.8175,87,40.9106,2,757.62455,39,0.0,0.0,6.08885,3.0,64.5693,10,5.35495,1.0,58.8288,130,1861.1399,363,2267.22435,313,28.3568,2,744.02985,163
2022-01-12,1181.9998,596,3213.9496500000005,756,694.8702000000001,86,41.59745,3,692.5408500000001,41,0.0,0.0,1.9719499999999999,1.0,65.19645,14,4.00925,0.0,58.6593,126,2373.4718,477,2276.66925,351,28.33415,5,725.927,141
2022-01-13,1221.02305,608,3784.8075,723,682.69625,56,34.60015,5,658.97445,20,0.0,0.0,0.81765,0.0,64.0363,13,3.7786500000000003,0.0,58.2166,113,3105.3653499999996,565,2258.17095,312,49.801899999999996,1,702.7844,123
2022-01-14,1178.70355,549,4196.94095,637,691.0439,54,29.741999999999997,5,616.3778500000001,27,0.0,0.0,3.63405,2.0,65.045,9,0.8533499999999999,0.0,58.823299999999996,111,2768.0463,441,2231.4287,295,74.05930000000001,5,700.5872,133
2022-01-15,967.30765,420,4010.0765,558,514.68895,42,48.02155,6,561.0174,15,0.0,0.0,10.607000000000001,0.0,69.8689,8,0.0,0.0,62.56,97,2663.4582,416,2365.5623499999997,291,57.2694,5,733.8028999999999,126
2022-01-16,1174.9932000000001,355,2985.93715,451,469.7192,30,19.6126,1,541.1322,15,0.0,0.0,7.39315,0.0,62.80735,9,0.0,0.0,60.061499999999995,119,2818.74345,412,2333.1364000000003,325,53.9938,7,702.9517999999999,131
2022-01-17,1328.4495000000002,457,2467.5389999999998,682,618.06455,69,34.1408,4,546.229,24,0.0,0.0,4.4826999999999995,2.0,65.01515,16,0.0,0.0,59.688599999999994,122,3321.8368,545,2354.9154,406,66.9742,9,723.2098,156
2022-01-18,1361.3495,657,2979.324,742,695.87675,65,33.41265,5,578.5585,20,0.0,0.0,2.3569,0.0,65.7088,11,0.0,0.0,59.8363,141,3062.65385,475,2307.3081,392,71.06595,5,722.85125,168
2022-01-19,1135.9914999999999,648,2964.4489000000003,740,681.4130499999999,75,21.2771,3,616.7536,29,0.0,0.0,5.52095,5.0,64.6636,10,0.0,0.0,58.3578,132,2879.3484999999996,540,2360.1901000000003,382,53.3725,3,706.53255,156
2022-01-20,1187.7827,563,2955.4352500000005,737,685.88675,75,23.796100000000003,1,598.1497,21,0.0,0.0,8.280700000000001,1.0,63.3391,7,0.0,0.0,58.69715,135,2343.03695,396,2360.221,383,52.2611,3,702.35395,150
2022-01-21,705.0567500000001,266,3506.38065,906,710.55905,71,33.6286,3,503.0827,18,0.0,0.0,6.597849999999999,4.0,64.27345,10,0.0,0.0,58.1522,115,2380.7938,343,2149.1676500000003,381,89.4269,12,694.9683,133
2022-01-22,503.57660000000004,252,2728.67375,794,732.3711500000001,69,35.65925,1,528.0801,27,0.0,0.0,1.1521,2.0,69.19255,12,0.0,0.0,61.706450000000004,128,2260.4018,430,1892.5941,343,95.98325000000001,10,727.9167,132
2022-01-23,374.4282,183,2699.56955,805,688.23145,43,31.789699999999996,4,491.32165000000003,28,0.0,0.0,0.7371,0.0,63.6135,13,0.0,0.0,59.74455,128,2079.24755,383,1904.3441500000001,329,50.3243,2,753.8992,132
2022-01-24,923.52265,561,3194.4590999999996,1027,811.4033999999999,89,51.2254,4,490.58605000000006,28,0.0,0.0,7.385,4.0,65.13335000000001,16,0.0,0.0,59.23415,138,1234.29015,311,1975.3275,394,63.0655,8,857.9989999999999,198
2022-01-25,605.5806,260,3438.1758,1011,945.1197999999999,85,53.44775,8,485.07665000000003,33,0.0,0.0,9.8859,2.0,65.61155,17,0.0,0.0,58.20835,116,1181.4769999999999,299,2073.3038,462,84.45205,20,703.4649000000001,150
2022-01-26,612.2176000000001,371,3609.31185,1152,973.84815,63,29.7483,6,572.4703,38,0.0,0.0,6.3608,0.0,65.6254,21,0.0,0.0,60.26215,165,970.2417999999999,262,2106.3568,534,96.32865,12,619.4877,132
2022-01-27,405.7381,272,3456.52775,955,938.1228,74,34.315,0,550.0386,34,0.0,0.0,4.9879500000000005,2.0,62.87985,16,0.0,0.0,58.117,111,1222.5387,275,1950.1442499999998,443,52.769,8,554.63895,117
2022-01-28,427.3513,282,3417.9119,773,915.0008,63,50.1876,6,581.0203,40,0.0,0.0,3.9370999999999996,0.0,64.1163,18,0.0,0.0,58.526199999999996,107,1251.8378500000001,228,2008.5135999999998,404,51.07445,7,460.1003,113
2022-01-29,493.3367,280,3067.13555,651,929.2506500000001,51,13.1184,5,606.85915,41,0.0,0.0,4.8595,3.0,68.02005,12,0.0,0.0,62.4076,98,1047.5146,188,1940.6182000000001,303,33.34495,3,374.42535000000004,87
2022-01-30,830.3211,372,2425.0868,605,931.73865,45,43.0989,2,630.0543,45,0.0,0.0,4.378299999999999,1.0,62.825649999999996,7,0.0,0.0,59.91395000000001,109,981.78475,196,1888.6317000000001,393,18.0,2,315.5197,85
2022-01-31,634.9514,265,2479.9417000000003,739,931.8131500000001,75,34.527950000000004,4,673.9376,53,0.0,0.0,2.8652499999999996,0.0,63.20755,20,0.0,0.0,59.85735,117,1223.5994,253,2029.4288000000001,445,67.4909,5,316.75135,113
2022-02-01,731.1626,444,2938.3837,878,799.15995,81,66.15055000000001,10,770.3428,55,0.0,0.0,4.26685,1.0,66.378,16,0.0,0.0,56.905100000000004,121,1230.7585000000001,309,1597.48055,420,63.3657,6,338.18940000000003,150
2022-02-02,833.4936,578,3441.43015,934,749.7552499999999,65,83.0132,9,914.0799499999999,62,0.0,0.0,3.992,1.0,64.0724,16,0.0,0.0,58.177,102,2017.0308499999999,417,1387.2701000000002,368,49.70835,8,381.9411,121
2022-02-03,2136.8294,1027,3478.99875,1014,733.9989999999999,81,118.2719,12,900.6596000000001,46,0.0,0.0,8.9544,2.0,63.6012,19,0.0,0.0,76.79225000000001,141,2380.417,409,1630.14,440,30.082150000000002,5,452.43309999999997,136
2022-02-04,1851.2532999999999,625,3406.91635,915,750.0771000000001,80,45.09205,7,1002.77275,42,0.0,0.0,6.7593499999999995,5.0,65.75165,17,0.0,0.0,94.2211,133,2076.5735,295,1605.2998,412,65.32525,5,475.44985,126
2022-02-05,1468.73,526,3529.90945,839,792.87405,71,123.05775,6,954.57305,33,0.0,0.0,2.0618,2.0,69.03205,15,0.0,0.0,99.7149,92,1841.36555,261,1840.844,394,41.399849999999994,8,499.80584999999996,129
2022-02-06,1449.1553,519,3389.4336,818,607.89685,65,208.4345,10,861.9144500000001,39,0.0,0.0,2.56725,0.0,64.9629,13,0.0,0.0,100.40605,102,1980.95095,285,1774.6912,356,36.43695,4,466.01405,127
2022-02-07,1852.8401500000002,675,3465.1781,870,624.6487999999999,86,195.0368,7,794.0628,36,0.0,0.0,10.35675,0.0,62.80735,14,0.0,0.0,100.7132,125,2036.47965,350,1812.5342,404,35.94115,3,563.49635,149
2022-02-08,1731.50565,803,3336.9824,803,765.09365,98,110.20365,6,796.14855,28,0.0,0.0,4.6992,1.0,65.2201,12,0.0,0.0,98.36229999999999,98,2202.5696,308,1799.32535,412,43.05985,7,645.00315,142
2022-02-09,1722.54235,725,3249.4772,639,746.39685,66,77.11495,8,661.30195,27,0.0,0.0,4.48745,1.0,64.4824,11,0.0,0.0,99.2798,124,2973.9578,421,1740.0961499999999,363,38.493,2,657.51135,133
2022-02-10,1816.9497000000001,712,3296.75305,615,732.1122,76,80.4725,6,710.2175500000001,22,0.0,0.0,8.29035,1.0,64.1014,18,0.0,0.0,83.73225000000001,88,3020.7033,477,1825.9791,351,34.8451,8,696.5202499999999,88
2022-02-11,1200.7422,340,3204.60145,547,746.2547500000001,54,64.0417,2,707.40155,31,0.0,0.0,6.805750000000001,1.0,64.4141,10,0.0,0.0,70.1101,75,2439.8424,352,1810.0629999999999,310,39.1185,2,690.7214,92
2022-02-12,690.9331500000001,144,2593.6175,402,808.3177000000001,52,57.0771,0,733.2466499999999,5,0.0,0.0,3.75545,0.0,69.01175,5,0.0,0.0,74.18350000000001,79,2052.8486,333,1740.5753,274,41.1519,6,723.32235,94
2022-02-13,671.1046000000001,145,2734.065,419,577.53205,39,53.0884,0,669.6688499999999,4,0.0,0.0,5.93205,1.0,63.08045,9,0.0,0.0,75.6559,78,1974.5197,315,1659.54775,251,38.8699,2,700.3632000000001,83
2022-02-14,1368.1680999999999,290,2934.63355,484,673.36265,47,60.242250000000006,3,722.7672500000001,30,0.0,0.0,3.6524,0.0,63.28965,6,0.0,0.0,72.3785,92,2246.1745499999997,442,1657.25435,309,39.674749999999996,5,700.7066,122
2022-02-15,1775.2917000000002,398,3553.0138,646,753.02845,42,27.370949999999997,5,784.98795,43,0.0,0.0,7.292000000000001,3.0,65.2809,7,0.0,0.0,74.98949999999999,84,2960.2508500000004,519,1728.5083499999998,363,47.62604999999999,7,834.81855,219
2022-02-16,1987.37005,402,3692.2203999999997,638,743.62775,50,23.6677,6,838.4686999999999,32,0.0,0.0,4.29415,1.0,75.98604999999999,11,0.0,0.0,84.8027,78,4644.40035,556,1830.70035,418,39.879400000000004,9,907.84345,177
2022-02-17,1738.8051999999998,524,3713.4520500000003,574,747.8380999999999,46,24.250749999999996,1,857.9719500000001,21,0.0,0.0,4.2613,1.0,81.2943,13,0.0,0.0,98.13715,89,3818.67495,499,1802.38195,405,34.390100000000004,4,926.1374000000001,170
2022-02-18,2022.6269,671,3340.97485,656,758.998,72,21.14085,4,855.89075,19,0.0,0.0,7.91405,2.0,90.9383,22,0.0,0.0,92.69515,67,3518.9057000000003,378,1802.9493499999999,377,34.81205,8,905.15335,175
2022-02-19,1741.4162,515,4055.75875,713,548.1601,32,46.610200000000006,2,761.87515,18,0.0,0.0,4.371,1.0,62.37479999999999,8,0.0,0.0,69.31734999999999,63,3127.6585999999998,399,1839.2358,365,35.996700000000004,3,931.96845,141
2022-02-20,1789.1782999999998,469,4066.66545,674,539.28855,31,20.1912,1,754.7103999999999,27,0.0,0.0,2.9812,1.0,60.977,7,0.0,0.0,70.45945,47,3159.7521,365,1819.3192499999998,388,43.466350000000006,8,906.1013,142
2022-02-21,2010.9054500000002,563,4286.5624,928,506.2348,59,22.024299999999997,6,774.4981,33,0.0,0.0,8.674249999999999,0.0,73.2359,12,0.0,0.0,87.39389999999999,68,3361.8158000000003,403,1890.59605,439,30.9108,5,898.4989999999999,167
2022-02-22,2095.4657500000003,771,4647.66065,887,312.00585,40,19.9534,7,809.6253999999999,50,0.0,0.0,7.3049,1.0,88.62235000000001,16,0.0,0.0,95.68780000000001,62,3327.37825,408,1971.7024,436,12.4094,2,905.9327499999999,186
2022-02-23,1412.3288,517,5064.9584,857,193.32925,7,14.4991,4,804.1614,41,0.0,0.0,4.96085,0.0,88.42694999999999,10,0.0,0.0,96.1638,69,3025.0117499999997,368,1857.5513,399,25.55065,2,922.1299,200
2022-02-24,1265.01265,445,5070.997249999999,834,194.859,14,23.284899999999997,7,819.58355,33,0.0,0.0,6.40405,0.0,85.1209,5,0.0,0.0,97.51475,64,2028.4093,273,1860.4828,368,47.953950000000006,5,906.9192999999999,174
2022-02-25,697.7279,178,4411.76185,688,471.05535000000003,52,22.909650000000003,6,787.0114,35,0.0,0.0,2.2193,0.0,87.23344999999999,4,0.0,0.0,96.97235,59,1376.0892000000001,268,1753.63975,304,41.4315,2,891.9386999999999,136
2022-02-26,470.21405,95,4241.4304,624,606.08735,62,35.8306,2,780.97965,36,0.0,0.0,0.8348,0.0,62.35835,6,0.0,0.0,69.31694999999999,51,944.4466,184,1833.3452,312,41.4356,4,927.22295,116
2022-02-27,537.1938,162,4027.2594,582,648.41695,56,40.298,3,773.16175,26,0.0,0.0,2.6810500000000004,1.0,61.243500000000004,7,0.0,0.0,68.73935,47,902.44195,143,1710.93065,286,41.29095,5,897.36845,152
2022-02-28,659.8168499999999,196,3952.3186499999997,654,642.318,66,68.8183,8,824.32815,36,0.0,0.0,9.20285,1.0,61.69265,9,0.0,0.0,70.56975,56,1170.2736,256,1882.47095,375,27.8927,6,898.04315,173
